date,ts,group,score,title,content
2024/8/12,1723413600,friends,4.0,Las patatas chili muy ricas,Nos ha atendido Manolo y ha sido muy amable y atento.Nos gustó mucho la fusión de la comida en Martina.La próxima vez que vengamos a Albacete repetiremos.
2024/8/9,1723154400,couples,4.0,Callos con sabor a antaño,"Andrés, .muy buena atención y agradable, te llevamos en el corazónHemos comido muy agusto calidad precio muy buena..."
2024/8/9,1723154400,couples,5.0,Muy buena experiencia culinaria,Platos fusion que sorprenden al paladar con una oferta muy interesante Comida muy buena y servicio excelente. Buen ambiente. Recomendable.
2024/8/8,1723068000,couples,5.0,Encantador,Me trajo mi pareja por mi cumpleaños. El personal súper amable y atento a cualquier detalle. No falta detalle!Altamente recomendable y repetible.
2024/8/6,1722895200,family,5.0,Travesía de sabores tradicionales e innovadores,"Comida muy elaborada y saborea intensos. Tinen 3 platos para Niños pequeños por lo que todos hemos podido disfrutar. Precio normal, y mezcla tradicional y comida de vanguardia.Hemos probado un pollo coreano con palomitas que estaba espectacular, solo le pongo una pega , he echado en falta algo de pan para poder disfrutar la salsa del pollo y de las patatas bravas que estaba buenísima."
2024/7/31,1722376800,family,5.0,Perfecto,He estado con mi familia cenando el lunes y ha sido increíble. El trato y la profesionalidad de Andrés ha sido de 10. Todo lo que pedimos estuvo riquísimo. Lo recomiendo 100%
2024/7/31,1722376800,couples,5.0,Excelente sitio para visitar,Excelente atención por Andrés por sus recomendaciones y agrado a la hora de atender rápido agradable un gran profesional de los que pocos hay hoy en día.
2024/7/28,1722117600,friends,3.0,"LA COMIDA Y EL SERVICIO BIEN, PERO....","Como siempre, todo lo que pidas está muy rico. Sorprendentes patatas bravas, llamadas Bravas Palencia. La tortillitas de camarones están muy buenas pero siempre me han parecido un poco bastas o gruesas. El lomo de orza y las croquetas, riquísimas. El tataki de atún bien sin más. Pero esta vez tengo que expresar una queja que no exprese en el instante porque éramos los últimos y cerraban ya el local, y con amigos no era el momento. En el ticket que adjunto nos cobran 1,5 € por cabeza en concepto Servicio de restaurante. Es decir, nos clavan 9 euros simplemente por hacer el trabajo propio de este local??? A qué extremo hemos llegado ya de abusos??? Por no hablar que ese concepto no figura en la carta, y, como bien es sabido, no se puede cobrar nada que no aparezca en la carta, y menos aún este concepto tan vergonzoso."
2024/7/28,1722117600,couples,5.0,Experiencia estupenda,"Este restaurante es perfecto para ir a comeren familia, con amigos o en pareja. Hay una carta muy variada y todos sus productos son de muy buena calidad y están muy buenos"
2024/7/28,1722117600,family,5.0,"Calidad, buen servicio, acorde a lo que vale.","Sitio ideal para comer en familia o con amigos, puedes comer en la parte de cafetería con su carta especial o dentro en el restaurante con su carta. Muy bueno en ambas posibilidades."
2024/7/27,1722031200,couples,5.0,Espectacular,"Las bravas de Palencia, croquetas de cecina y la costilla espectaculares. El resto muy bueno Atención especial de Andrés y Carmen, muy amables y profesionales. Para repetir!"
2024/7/25,1721858400,family,5.0,Comida tranquila en el centro de Albacete,Muy buena experiencia y bien recomendados por Andrés. Recomiendo el cortado de solomillo de ciervo y la tapa de manda webos
2024/7/21,1721512800,couples,5.0,"Calidad, precio y servicio muy recomendable","Era la primera vez que íbamos y muy recomendable, la comida de muy buena calidad y el servicio excepcional, te aclaran todas las dudas y están pendientes de ti sin agobiar. Por mejorar algo, ofrecer la cata de quesos al inicio, aunque sé que algunas personas los prefieren de postre. Un restaurante totalmente recomendable."
2024/7/20,1721426400,friends,5.0,Cena excepcional,Cena muy a gusto de amigas con una atención sublime de nuestro camarero Álvaro. Cena exquisita. Muy recomendable. Volveremos.
2024/7/20,1721426400,friends,5.0,"La comida, el precio y el trato de los trabajadores.","Un placer cenar en la martina, nunca había estado allí y me ha encantado. El trato por el personal espectacular. Volveré sin duda. Lo recomiendo. Gracias"
2024/7/18,1721253600,couples,5.0,Excelente Restaurante Martina,"La comida es abundante y de muy buena calidad, pero sobre todo resaltar el trato de los camareros Álvaro y Naty.Lugar para repetir."
2024/7/16,1721080800,couples,5.0,La comida y el trato siempre son correctos y excelentes.,"Otra noche en compañía inmejorable y con un trato excelente, esta vez por parte de Andres “el parce”Hasta la próxima!!!"
2024/7/16,1721080800,family,5.0,Muy bueno todo,"Es un lugar buenísimo para comer o cenar, los camareros muy atentos y amables recomiendo venir al establecimiento y disfrutar de la comida."
2024/7/16,1721080800,family,4.0,Ambiente tranquilo y acogedor,"Sólo hice una consumición mínima y me atendieron muy bien, buena temperatura, buen ambiente,  servicio rápido,  …Repetiré"
2024/7/3,1719957600,couples,5.0,genial experiencia en comida,"Comida excepcional, pedimos las setas shitake con vaca rubia, las gyozas, el pan bao de cerdo buenisimo, croqueta de cecina , todo fabuloso.Nos atendido Nati y el trato fue mas que perfecto, amable simpática y te ayuda a elegir los platos si tienes dudas. Pedimos postre también y el precio fue de 25€/persona.  Salimos muy contentas y para repetir próximas veces"
2024/6/30,1719698400,couples,5.0,Buen servicio y calidad de productos,La experiencia increíble...muy buen servicio y muy rico todo....desde entrantes a postres. Tienen el detalle de poner una tapa al llegar y otra al terminar. El bacalao con salsa de trufa una exquisitez!
2024/6/29,1719612000,couples,5.0,ESPECIAL,"Dixon y Nati principalmente un encanto, todo super bien. La comida exquisita, sin peros. Las bravas no las dejéis pasar."
2024/6/28,1719525600,family,4.0,"un trato exquisito por parte de las jovencísimas camareras, en especial....","Al margen de decir  que si la comida es buena o muy buena, y de que la relación calidad-precio es mejorable o ya de por sí esta muy bien, que todo es discutible ( y desde mi punto de vista están bastante bien ambas cosas) hay que reseñar sobre todo el buen trabajo y el magnifico trato que realizan las jovencísimas camareras que ayer viernes por la noche estaban atendiendo las mesas, especialmente reseñar a la que nos tocó a nosotros como camarera en nuestra mesa, Judith, un encanto de persona en el trato global hacia nosotros y en especial a nuestra hija, con la que se volcó en todo momento para que la estancia allí fuera inmejorable. Bravo."
2024/6/27,1719439200,family,5.0,Comida en familia,"Siempre que tengo la oportunidad llevo a mis invitados al Martina. La comida está riquísima (recomiendo especialmente las bravas y el pulpo a la brasa). Nos atendió Álvaro, que ha sido un encanto. Lo recomiendo 100%."
2024/6/24,1719180000,couples,5.0,Buena experiencia,Calidad-precio muy bueno. Hemos pedido 2 tapas y rodaballo y muy buena calidad.Muy buen trato y de regalo unos Miguelitos
2024/6/20,1718834400,solo,1.0,Empatía,"Soy clienta de desayunos, brunch y alguna cena, hoy me pusieron una tapa que pido con la caña de atún marinado, cuando llegó a la mesa el color lo decía todo, no estaba en condiciones para consumo, lo probé y una mala  textura, incluso con ligero picor en boca, dejo la tapa sin terminar, comunico que no está acta para consumo que lo avisen en cocina y mi sorpresa es que me pasan la cuenta y me la cobran como si tal cosa. Enhorabuena acabáis de perderme como clienta y por supuesto la gente que llevo conmigo. Solo espero no tener efectos secundarios con el atún marinado."
2024/6/18,1718661600,friends,5.0,Para repetir,"Ideal. Muy elegante y la zona del reservado muy íntima. La comida deliciosa, con sabores sorprendentes y a buen precio."
2024/6/14,1718316000,couples,3.0,Buan ambiente en el centro,"Ambiente agradable y distendido,  comida con delicada presentación, con sabor y de calidad.  Como mejora, sugeriría una mejor extracción,  en la zona de barra huele mucho a humos de cocina"
2024/6/12,1718143200,couples,5.0,Para repetir,"La comida estaba buenísima y el trato y la atención por parte del camarero, Álvaro, fue espectacular. Sin duda volveremos a repetir"
2024/6/12,1718143200,family,3.0,LEJOS DE LO QUE FUE,Demasiada lentitud y nueva carta algo escasa y repetitiva. Personal escaso y no demasiado atento a las llamadas que les hacíamos.
2024/6/10,1717970400,couples,5.0,Cena en pareja,"Toda la comida muy buena, servicio rápido y el camarero muy atento y majo en todo momento. Volveremos a repetir seguroo."
2024/6/9,1717884000,couples,5.0,aniversario de cine,"ayer escribí una reseña el max.de positiva. Joana y Jose luis... la eliminé esta mañana al ver q salía a nombre de otra persona,no entiendo.Resumiendo,atendidos x Dicson y Judhit GENIALES,la comida tb espectacular!!"
2024/6/7,1717711200,friends,5.0,Variedad y simpatía ,"Sitio agradable con carta variada de calidad, el pulpo muy bueno, a destacar el buen servicio, la simpatía y amabilidad por parte de Pablo y Nati.Gracias chicos, repetiremos "
2024/6/6,1717624800,family,5.0,Cena riquísima,"Excelente cena, comida de calidad!! Pablo y Nati muy buenos camareros, muy buena atención y explicación de todos los platos. Repetiremos seguro."
2024/6/5,1717538400,family,4.0,Muy buena comida y buen servicio,"La comisa está buenísima, el lugar es súper bonito y acogedor, la camarera esperanza muy agradable, profesional, sin duda un excelente servicio.Sin duda alguna volveré a ir♥️♥️"
2024/6/5,1717538400,friends,5.0,Excelente,"Fuimos a comer por probar algún sitio nuevo y nos sorprendió bastante, comimos en la terraza, la comida estaba deliciosa y hay que resaltar el trato que nos dio la camarera Esperanza, muy amable y atenta a nuestras peticiones. Volveremos sin duda."
2024/6/4,1717452000,family,5.0,5 estrellas,"Muy buen servicio de parte de la chica llamada Esperanza, muy buena atención y servio, deliciosa comida, muy amables ❤️"
2024/6/4,1717452000,couples,4.0,Una gran experiencia,"Pablo, el camarero que atendió aquella noche, fue estupendo, agradable y atento, además de simpáticoUn gusto con gente como el. Además de la comida, de muy buena calidad y con precios muy competentes!Volveremos seguro!"
2024/6/2,1717279200,friends,5.0,Comida 10 con amigos,"Comida perfecta con amigos,cada plato que tomamos buenísimo muchos aconsejados por Nati la camarera que nos atendió de 10.Para repetir sin dudarlo."
2024/5/31,1717106400,friends,5.0,Muy recomendable,"Excepcional, muy buena atención nati nos aconsejo perfecto, todo buenísimo sobre todo el ciervo, muy recomendable volveremos seguro nos faltaron platos por probar."
2024/5/31,1717106400,family,5.0,Genial,"El servicio,el trato y el lugar son increíbles.Tan increíbles que Álvaro y yo celebraremos nuestra boda aquí.❤️Love❤️"
2024/5/22,1716328800,business,5.0,Negocios ,"Reunion de trabajo. Camarera muy atenta y simpática ( creo que se llama Esperanza).  Al final... Unas tapitas,un vino... Muy recomendable. Muy bien de  precios/ calidad"
2024/5/22,1716328800,solo,5.0,Para volver seguro!,Genial todo lo que pedí. La próxima vez acompañada para poder probar más cositas.  Fue más tapear pero creo q será buena experiencia probar platos más contundentes .
2024/5/17,1715896800,family,5.0,Terracita al fresco,"Cenamos en la terraza y el servicio de Pablo y Álvaro fue excepcional, aunque había un gran volumen de gente. Una experiencia muy buena."
2024/5/15,1715724000,friends,4.0,"Buen servicio y buena comida, los baños muy limpios 🤩","Buen sitio para comer, muy buen servicio y muy buenos camarerosA mí me atendió Pablo y super amable y respetuoso 💯 muy buen servicio del chico"
2024/5/15,1715724000,couples,5.0,Increíble!!,Martina nunca decepciona! Es un sitio ideal y magnífico para comer en pareja o grupo. Tiene una variedad de platos espectacular y la calidad es exquisita! Siempre venimos a comer cuando nos dejan los trabajos y la verdad es que es top!
2024/5/13,1715551200,friends,5.0,Comida espectacular,"Sitio brutal para venir a comer, único en Albacete, las patatas Palencia están para repetir 5 veces por lo menos y el come y callo esta exquisito, volveremos seguro"
2024/5/12,1715464800,friends,5.0,Volveremos,"La comida riquísima, sobre todo las Patatas bravas Palencia y el tataki de atún, pero lo mejor fue el camarero que nos atendió, Álvaro, rápido, atento, simpático y muy profesional, repetiremos sin duda!."
2024/5/11,1715378400,couples,5.0,Visita obligatoria,"Cocina excelente, un trato de 10, la ubicacion ideal. Merece la pena cualquier plato de la carta, sobre todo el apartado de Fussion. Nos atendio Alvaro, un joven encantador, atento y muy profesional. Volveremos  y traeremos mas gente a disfrutar."
2024/5/11,1715378400,friends,5.0,Recomendable 👌🏼,"Dejate recomendar, cocina fusion muy lograda, tuvimos dudas con la carta y Alvaro nos recomendo platos muy muy acertados, salimos contentos y con ganas de volver, patatas sweet chili y cortado de entrecot de ciervo un acierto"
2024/5/10,1715292000,family,5.0,"Buena eleccion, recomendable pero para ciertos bolsillos","Buen restaurante, con carta fiel a la tradicción pero combinando muy bien con la fusión. Buenas propuestas y muy buen servicio,recomendable 100% aunque siempre teniendo en cuenta el precio por persona"
2024/5/10,1715292000,couples,4.0,Tres días en Albacete,"Comimos bien .El servicio estuvo a la altura de lo que ofrecen buena comida contemporánea y de calidad.Pedimos ensalada de perdiz muy abundante y muy buena , un come y calla que es tortilla con callos buenísima y un tataki esto último ya no podíamos todo muy bueno.Éramos dos personas con doble de bebidas y café salimos a 25 € por persona .Restaurante muy recomendable ."
2024/5/10,1715292000,couples,5.0,No desfrauda,"Siempre es un acierto, ya sea para picar algo oboara comer.Buen servicio y producto bien trabajado, innovador, pero sencillo."
2024/5/5,1714860000,family,5.0,Una buena experiencia,"Todo lo que pedimos estaba muy bueno y el precio correcto, la atención (sobretodo de Andrés) y la rapidez igual, no dudaremos en repetir, ahí dejo algunas fotos."
2024/5/4,1714773600,couples,4.0,Seguid siempre así.,"Hemos ido muchas veces y nunca nos ha decepcionado. Productos de buena calidad y bien elaborados. Los camareros muy serviciales y con mucha complicidad con los clientes, al menos con nosotros. Precio contenido para la calidad que sirven. Siempre volveremos."
2024/5/2,1714600800,family,4.0,"Buenas comida, ambiente tranquilo y acogedor","Genial para comer con amigos, familia e incluso de negocios. En un sitio céntrico y tranquilo de la ciudad de Albacete. Enfrente del Parque principal"
2024/5/2,1714600800,family,5.0,Perfecto,"Excelente relación calidad/precio. Fuimos atendidas por Andrés, el trato perfecto y amable. Volveremos de nuevo sin duda."
2024/5/1,1714514400,family,5.0,Comida y servicio excepcional,"La camarera que nos atendió llamada Nati fue un encanto, atenta y sonriente. Un placer comer aquí y con camareros de este calibre."
2024/4/27,1714168800,couples,5.0,"Para repetir, siempre","Todo buenísimo, calidad, ceveza Mahou, y la atención excepcional. Hemos comido en la barra y ha sido perfecto. Variedad en la carta."
2024/4/26,1714082400,family,5.0,Muy agradable la cena,"Con la nueva carta disfrutamos de los nuevos platos, muy ricos y originales. Con un servicio muy profesional te aconsejan muy bien."
2024/4/23,1713823200,couples,5.0,Menú de estrella a precio asequible,"Precio calidad imcomparable, del servicio y del menú. Muy recomendable si quieres comer a buen precio y con calidad inmejorable."
2024/4/21,1713650400,friends,5.0,Muy bien,Muy buen sitio y trabajadoras muy simpáticas sin duda para repetir.La comida de genial calidad.Encatados nos gustó mucho el ciervo bien de precio y muy bueno
2024/4/21,1713650400,family,5.0,Excelente restaurante,"Buenas, hoy hemos celebrado una comida familiar en el restaurante Martina, y lo calificó de 10. Todos los platos han sido de primera, he de destacar las almejas a la marinera, torreznos, paletilla y rodaballo. Excelente. El servicio muy amable. Hemos estado muy agusto. Felicito a todo el equipo"
2024/4/21,1713650400,couples,5.0,Sitio genial,"He estado hoy con mi pareja comiendo en Martina, en la terracita, una con el pelo cortito y una morena con el pelo mas largo nos han atendido y la verdad que han sido encantadoras y atentas, la comida excelente y el servicio de las chicas muy bueno, nos recomendado unas croquetas de cecina deliciosas. Ha sido la primera vez que hemos ido y sin duda volveremos. 😊"
2024/4/17,1713304800,business,5.0,PICOTEO,"hemos ido a este restaurante por recomendación y la lástima es que teníamos muy poco tiempo y fuimos de “ picoteo “ el servicio es EXCELENTE, la persona que nos atendió en la terraza fue muy atenta y nos hizo las recomendaciones que ella consideraba y realmente fue un acierto, creo que cualquier plato que nos hubiera ofrecido, sin duda habría sido un acierto"
2024/4/16,1713218400,friends,5.0,Increíble,"El restaurante está genial, acogedor, como, amplio, tanto cafetería como salón , camareros con un trato muy bueno, saben aclarar dudas de cualquier tipo de plato, aconsejan bien, la verdad que muy contento."
2024/4/14,1713045600,solo,5.0,Admirable,"Excelente atención por parte del personal, muy agradables y profesionales. Servicio más que correcto e instalaciones limpias y cuidadas."
2024/4/13,1712959200,friends,5.0,Estupendo,"Este sitio está genial para lo que haga falta pero sobre todo si quieres disfrutar de una buena copa,en terracita y con el buen servicio en terraza  con un camarero excelente, educación,buen trato,simpatía y muy servicial"
2024/4/13,1712959200,friends,5.0,Muy recomendable,"Buen sitio muy contentas con el servicio. El camarero de la terraza, un chico con barba muy amable y profesional. Volveremos sin duda."
2024/3/31,1711839600,couples,5.0,Inmejorable,"Restaurante de calidad con un servicio excepcional. Todo lo que pedimos estaba delicioso. Recomendamos las patatas bravas, las croquetas de cecina y pimiento y las gyozas. Volveremos sin duda."
2024/3/28,1711580400,family,5.0,Se come de escándalo ! Genial!,"Ha sido una fantástica sorpresa. Uno de los mejores restaurantes en los que he estado. Platos originales, todo muy rico y muy bien cocinado, y genial de precio. Las bravas, espectaculares al igual que la pluma al jengibre que nunca había probado. Nos dijeron que acaban de estrenar platos nuevos y fueron un acierto. No dejéis de probar la ensalada de calamares y las croquetas de cecina, que no las encuentras en casi ningún sitio. No os vayáis sin postre, probamos cinco y no podemos elegir el mejor!!!Además, es un sitio muy agradable . Más que recomendable!!"
2024/3/26,1711407600,couples,5.0,Repetiremos seguro,Comida original y de calidad en un entorno delicado y en el centro de Albacete. Muy buena experiencia. Cocina moderna            genial
2024/3/12,1710198000,business,5.0,Grata sorpresa,"Me lo recomendaron sin saber que justo era el bar que también sirve al hotel Sercotel adyacente. Bien montado, muy agradable. Se llenó ya antes de la hora de cenar con multitud de gente local.Estuvimos tomando unos vinos y acabamos pidiendo algunas de sus tapas para picar. Nos sorprendió muchísimo la calidad y la presentación ¡qué rico! Los precios también acompañan.Casi todas las mesas son altas, detalle importante. El personal atento, cordial y servicial. Si estas alojado en el hotel, puedes cargar las consumiciones a tu habitación o pagar al contado.Muy recomendable frente al parque."
2024/3/9,1709938800,friends,4.0,Me esperaba un poco mas,"Bonito local, nos sentaron en la entrada frente puertas correderas. Pedimos queso manchego (normal)Migas (buenas) torreznos (muy buenos) y rabo de toro que no me gustó absolutamente nada como estaba hecho.Sin postre, unos cafés. Atención normal"
2024/2/29,1709161200,family,5.0,Me encanta,"Me ha encantado todo,era súper bonito y nos han atendido muy bien,repetiría muchas veces, y no han tardado nada en atendernos."
2024/2/29,1709161200,family,5.0,Nunca fallas!,"Hemos venido varios días ya, y todos los días hemos salido súper contentos, nos encanta la comida, el servicio y el local. Repetiremos sin duda!"
2024/2/28,1709074800,friends,4.0,Recomendable salvo la fritura de pescado.,"Todo perfecto. Rabo de toro espectacular. Fritura de pescado no recomendable es la segunda vez demasiado seca, pasada de fritura o pescado no fresco."
2024/2/28,1709074800,couples,5.0,Especial,"Sitio precioso.Atención por parte de los camareros estupenda.La comida, muy variada y cuidada al detalle. Las patatas que tenían fuera de carta las cuales ganaron un premio, nos parecieron una locura. Probamos varias cosas y todo súper equilibrado. Salimos encantados con el trato recibido y la comida."
2024/2/10,1707519600,family,5.0,Gran experiencia para compartir en familia.,"Experiencia perfecta para una comida en familia. Además de un trato impecable por parte de Andrés, el parce. Muy recomendable para celebrar ocasiones especiales."
2024/2/7,1707260400,couples,5.0,Muy buen trato,"Estuve en una cena con mi pareja me gustó mucho el local y la comida excelente y muy buen trato por parte de los camareros nos aconsejaron muy bien sobre la comida, muchas gracias a Judith"
2024/2/7,1707260400,friends,5.0,Volvería sin duda alguna,"Todo genial, fuimos a comer con mi grupo de amigos. La comida riquísima, super buen ambiente y un trato genial. Nos atendió Judith fue muy agradable con nosotros, además el vino y los platos que recomendó estaban espectaculares. Sin duda volveremos."
2024/2/6,1707174000,couples,1.0,Mal habiente,"Estuve en la Martina de la avenida España con mi pareja y había una camarera que se llamaba judith lo se porque una compañera la llamó asi, a la cual también le hablaba de malas maneras,  pues esa judith estaba de mal humor enfadada por todo quejándose por todo tirando el abridor a la barra de mala manera hablando mal.. Sinceramente nos dió la comida que ni queríamos estar ahi. A nosotros no nos importa los problemas de las camareras vamos a relajarnos y me pareció una vergüenza su actitud y al lado de los comensales no vuelvo a ir  gracias"
2024/1/27,1706310000,couples,1.0,Decepción y momento desagradable,"Pues nos atendieron bastante malLa copa de vino no la llenaron ni para un sorboLa entrada de platos mal coordinadosUna de jamón de bellota, reseco que tuvimos que pedir la cambiaran y ""la camarera"" era un niña, mal criada que nos contestó y habló fatal.La pareja de enfrente, la conocían y se metieron en la conversación donde aquello más, que una velada, agradable parecía una disputa.Después hasta bromeaban con el tema del jamón reseco y nosotros entre la camarera y esa pareja. Claro, los invito a chupitos y están contentos....En resumen, eso parecía una taberna de mal educados donde no recibimos ni una disculpa y lo cierto es que nunca me habían hablado tan mal en mi vida."
2024/1/27,1706310000,couples,1.0,Malos modales y gestión de reservas,"Reservamos para comer. Al presentarnos e identificarnos a una camarera nos pone en una mesa y a los pocos minutos nos  dice la misma camarera que nos levantemos que la mesa era para otras personas. Preguntamos como es posible y nos responde de malas maneras. Nos ponen en la barra y allí localizamos a la persona que nos tomo la reserva y nos pide perdón diciendo que la reserva se había duplicado… Al menos  esta vez se disculpa de buenas maneras, pero un local en el que se espera (y se paga) por un buen servicio que no sean capaces de gestionar reservas y que tengan algunos empleados tratando de mala manera a los  clientes tras cometer semejante fallos no es un local recomendable. No volveremos."
2024/1/21,1705791600,family,5.0,Excelente trato y comida,"Fuimos mi familia y yo a comer en navidad y la verdad es que salimos encantadísimos. El servicio de mesa nos atendió genial, muy atentos en general y profesionales. La comida es de otro nivel: las patatas bravas y las tortitas de camarones son increibles, y la carne de cerdo marinada con jengibre me pareció de lo mejor que he probado en mucho tiempo.Tenian muchísima variedad de platos, algunos más clásicos y otros más ""fusión"", se nota que hay interés en hacer cosas distintas. ¡Sin duda volveremos para seguir probando los platos que vayan saliendo!"
2024/1/18,1705532400,family,4.0,Muy bueno todo,"Todo delicioso, el pan baho de cerdo super recomendable y bien de precio.A destacar el buen servicio de Judith espero volver pronto 👍"
2024/1/8,1704668400,family,5.0,Magnifico en todos los aspectos,"Magnifico restaurante, la comida exquisita y el servicio y trato de 10. Un sitio para repetir. Lo unico que hay que reservar con mucha antelacion para comer en el restaurante"
2024/1/4,1704322800,couples,5.0,Espectacular,"El sitio es muy bueno, la comida tiene mucha calidad y espectacular y muy variada. La camarera Judith es muy competente, profesional y simpatiquísima. Siempre atenta. Desde Murcia con amor. Repetiremos. Altamente recomendado"
2023/12/31,1703977200,friends,5.0,Todo perfecto,"Estuvimos de 10, en un salón con nuestra propia música. Comida de 10, y calidad precio genial. Andrés nos atendió de forma genial.Volveremos"
2023/12/31,1703977200,friends,5.0,Comida navidad,"Un trato familiar y muy profesional , Andrés nuestro camarero un encanto y muy profesional , volveremos "
2023/12/31,1703977200,friends,5.0,Excelente,"Atención por parte de Andrés ""el colombiano"" estupenda. Centrado totalmente en nosotros y en que estuviésemos cómodos. La comida riquísima. Calidad-precio envidiable. Volveremos!! "
2023/12/23,1703286000,friends,5.0,Cena de navidad amig@s,"Espectacular cena, todo estaba muy bueno y sobretodo que te atienda una camarera como judith muy simpática y atenta ante todo para repetir!!! ;) "
2023/12/19,1702940400,family,5.0,Buena comida de tapeo y atención por parte de camareros de 10,"Está genial para tapear bien las patatas bravas espectaculares,el rabo de toro de 10 ,postres increíbles y Judith la camarera que nos atendió y nos aconsejo es una joya repetiremos otra vez"
2023/12/17,1702767600,business,1.0,MALA EXPERIENCIA,"Mi experiencia la catalogo de horrible, por lo que desaconsejo este restaurante,  la pluma ibérica por ejemplo está realmente mala de sabor, sabe a jengibre en vez de a carne ibérica"
2023/12/17,1702767600,friends,5.0,Bien sevicio,Judi y carla mejores camareras excelente sevicio mu bueno todo excelente trabajo de las camareras ..
2023/12/17,1702767600,couples,5.0,Trato perfecto,"Trato exquisito, como siempre, con una carta de gran calidad, servicio excelente, especialmente de Judith, un encanto"
2023/12/17,1702767600,couples,5.0,Buen restaurante,"Me encanta este sitio.No podría destacar un plato en concreto pero me encantan las croquetas, las patatas bravas y la ensaladilla. Es un pelín caro pero por lo menos la comida es de calidad."
2023/12/14,1702508400,couples,4.0,Buenas tapas con buena presentación,"La comida muy buena con muy buen servicio , buena presentación y un servicio rápido .Hemis ido varias veces y nunca nos ha defraudado"
2023/12/9,1702076400,family,5.0,Sitio inmejorable en Albacete ,"Excelente sitio para comer, cenar etc. Todo muy riquísimo. El trato inmejorable,  destacando la profesionalidad y amabilidad de Josedu. Volveremos "
2023/12/8,1701990000,friends,5.0,Comida ideal!!,Una comida ideal en La Martina!! Nuestro camarero Sebastián un encanto!! Todo muy bien y el servicio de 10!! Volveremos seguro!
2023/12/7,1701903600,couples,1.0,Calidad decente y camarera impertinente,"Cacahuetes y aceitunas de aperitivo, estas últimas han conocido mejor vida (adjunto foto)Desconocimiento de la carta de vinos, “estamos renovándola”, como argumento a 10’ de espera/disculpaPedimos carne muy poco hecha, el punto bueno pero fría por dentro.15 minutos después de terminar, siguen los platos terminados  en la mesa, cosa que le comentamos a la camarera y con desprecio nos dice que si queremos que nos retiren los platos, que podemos avisarles, seguido de una expresión de “pocos amigos”Considero que trabajando al público no deben de existir los “favoritismos” , pero claramente ella los tiene. Calidad de comida aceptable, pero un trato nefasto por parte de la camarera, el camarero muy profesional aunque con falta de  conocimiento de carta. Para rematar, la camarera no se acerca/mira nuestra mesa ni para traernos la cuenta"
2023/12/2,1701471600,solo,5.0,"Por su buen ambiente recordando tiempos muy, muy divertidos","Hace ya mucho tiempo que conozco Martina pues aquí he celebrado eventos con mis amistades y excompañer@s de trabajo.. Ahora que llevo unos años jubilado y viviendo más tiempo en mi pueblo me apetece mucho venir por aquí aunque sea a desayunar y cuando me pilla por aquí vengo. Aquí he pasado momentos muy divertidos... El ambiente del local tranquilo y a la vez animado, esa música de fondo,  su comida y el trato tan agradable de los camareros te hace estar tan agusto que no te quieres  ir.... LO RECOMIENDO"
2023/12/1,1701385200,couples,5.0,"Los camareros, excelentes ","Sitio ideal para disfrutar comida tradicional asiática muy sabrosa. Los camareros y camareras, especialmente el camarero colombiano, son atentos o y amables ,  atiende de forma exquisita. Se agradece su atención desde que entras por la puerta "
2023/11/18,1700262000,family,5.0,Restaurante top,"El personal ha sido que nos han dado a mi familia ha sido genial y la comida estaba buenísima, sin duda para repetir "
2023/11/13,1699830000,family,5.0,EXCELENTE SERVICIO. ,"Muy buen servicio muy buena atención, por el equipo de trabajo, y su camarera Laura Excelente servicio, muy amable, educada y servicial. Gracias ⭐️⭐️⭐️⭐️⭐️"
2023/11/12,1699743600,couples,5.0,Espectacular ,"Ensalada de foie, cecina y miel, brutal Recomiendo otros como el tataki, taco mejicano y bocatin de pastrami "
2023/11/11,1699657200,family,5.0,No os lo perdáis,"Nos lo habían recomendado y ha superado las expectativas. Todo estaba riquísimo. Distinto, original y sorprendente. Nos encantó el pulpo y el ciervo. Riquísima la pluma y las bravas además de la ensalada de cecina y las croquetas de curry. Sale muy bien de precio y la gente es muy amable. Hasta el cocinero subió a saludarnos"
2023/11/11,1699657200,family,5.0,Inmejorable.  Repetiremos seguro y llevaremos a mucha gente más ,"Comida inmejorable.  Todos los platos fueron un acierto. Además de las famosas bravas,  un espectáculo,  alucinamos  con la pluma con jengibre , el pulpo,  y el ciervo con trufa y coliflor.  No dudéis en pedirlo.  Y todo, a miy buen precio.  Los vinos también maridaron estupendamente.  Y los.pesacdos a la brasa, un espectáculo.  Hacia tiempo que no disfrutábamos tanto de una comida.  Además, el trato fue fantástico "
2023/11/9,1699484400,couples,5.0,Cena perfecta,"Un menú muy variado y de una calidad excelente. Especialmente nos gustaron las magnificas croquetas y las patatas Palencia 2021. Reseña aparte merece el exquisito trato del camarero Andrés, un gran profesional y sumamente amable. Relación calidad-precio muy correcta."
2023/11/5,1699138800,family,4.0,Atención inmejorable.,"Comida buena y bien presentada, además del servicio extraordinario del camarero ""Manolo""(hacia tiempo que no era atendido por un profesional como él)."
2023/10/31,1698706800,couples,5.0,Sorpresa para todos,Quise regalarle a mi pareja una cena sorpresa. Nos habían hablado muy bien de este local. La comida estaba muy rica pero sin duda volveremos  por el servicio de Pepe y Javier.  Se nota la profesion en la sangre.Nos han explicado cada detalle del plato y con que vino maridar cada vez. Un 10 para equipo Martína
2023/10/29,1698530400,family,5.0,La amabilidad ,Buenas tapas comida correcta  y el servicio de Andrés muy bien. Muy recomendable y Tranquilo y limpio
2023/10/29,1698530400,couples,5.0,Rápidos y muy atentos ,"La tostada que pedi estaba muy buena y era grande (a mi me gusta el jamón frío pero también tienen a la plancha) , el zumo de naranja recién exprimido y dulce y el capuchino con buena presentacion y muy rico. La atención de josedu y ninfa ha sido estupenda son super amables. Volveré para almorzar más veces. "
2023/10/28,1698444000,family,5.0,Atención estupenda 100% recomendado,La comida estaba muy buena y el restaurante bien situado en el centro. No sabíamos qué pedir y la camarera nos sugirió varios platos que estaban buenísimos sobre todo las bravas y el pulpo. Son muy amables y profesionales repetiremos sin duda por la atención de los camareros que es de 10
2023/10/27,1698357600,friends,5.0,Repetiría ,"Fui a comer el otro dia y la verdad que apesar de ser un poco caro para mi, (recalco el para mi) la experiencia fue buena, la comida merecio completamente la pena y el trato por la camarera (perdon si lo escribo mal) Ninfa fue un 10Seguramente repita.Añado foto: Beso de cerdo "
2023/10/27,1698357600,couples,5.0,Quedamos encantados...repetiremos!!!,"Me reencontré con mi mejor amiga de hace muchos años en Martina y la verdad que fue inmejorable...Un ambiente muy agradable,un trato inmejorable de los trabajadores y la comida excepcional repetiremos sin duda."
2023/10/27,1698357600,couples,5.0,Te venís que probarlo ,"Queria dar una sorpresa ami pareja por su cumpleaños todo a salido perfecto desde el servicio de la comida hasta los camareros, recomendadisimo para eventos especiales súper contenta por el lugar muy profesional."
2023/10/27,1698357600,couples,5.0,Maravilloso! ,"Excelente servicio, camareros profesionales y la cocina excelente, buen ambiente y buen precio, para repetir! "
2023/10/27,1698357600,solo,4.0,Desayuno,"Vine a desayunar y la atención fue muy rápida  y buena para toda la gente que había . Mil gracias, volvere."
2023/10/21,1697839200,friends,4.0,Recomendable,"La comida bien (para el precio que tenía). El servicio lo mejor. Manolo, el metre, estaba atento y estaban bien organizados."
2023/10/19,1697666400,friends,1.0,Ejem. ,"ACLARACIÓN:Esta opinión es del restaurante. No del bar. Imagino espero deseo que las buenas que he leído sean las del bar No entro en local.  Es kistch, pero no pasa nada. Lo kistch puede estar bien. Tres cosas -elegidas por su aparente sencillez- sirven para dar la medida dela (lo siento, mala) experiencia. Alcachofas a la brasa. Vale: bañadas en una extraña salsa de queso que hace que desaparezca tanto el sabor de la alcachofa como el de la brasa. Ah, al lado lleva un langostino -congelado- rebozado y unpan chino. Ejem. Patatas bravas. La salsa es verdad que estaba muy rica. Y las patatas, bueno, van rebozadas y con una especie de cheetos en trocitos. Ejem, ejem. Bacaalo a la brasa con salteado de verduras. O sea — quemar un bacalao congelado sobre lo que entienden por verduras: unos pocos trozos de pimientos, dos fragmentos de una mazorquita de esas de conserva y dos, en fin, muy muy escasos trocitos de calabacín. Ejem ejem ejem. Hemos devuelto el bacalao sin tocar y ningún camarero se ha extrañado. Eso suele significar algo. Y no bueno. "
2023/10/14,1697234400,couples,4.0,Cena muy agradable,Muy buen trato y muy buena comida relación calidad precio. Nos atendió Fernando con un trato excepcional.Volveremos
2023/10/14,1697234400,couples,5.0,Acierto seguro,"Repetir siempre es un acierto, razón calidad precio, el camarero Fernando es un profesional como la copa de un pino, nos recomendó muy bien, simpático y muy atento. Recomendado 100%"
2023/10/13,1697148000,family,5.0,Todo espectacular,Estaba la comida excelente y la atención espectacular los camareros eran muy amables y el lugar muy bonito.
2023/10/11,1696975200,couples,5.0,Toda la experiencia gastronómica ,Todo fenomenal y el trato inmejorableSin duda un sitio para repetir. Desde la comida hasta el servicio de 10
2023/10/7,1696629600,friends,1.0,Mal,"Desde las aceitunas, todo asqueroso, anchoas q no existían, el pulpo medio, pero la base un arroz asqueroso, Alcahozo era solo queso, tortillitas solo mala, y el secreto era un pollo disfrazado. En fin, no los han preguntado si estaba bien la cosa, si queréis reír vais.Malo, malo"
2023/10/6,1696543200,family,5.0,Recomendable 100%,"Era la primera vez que veníamos y nos ha encantado, la comida muy rica y el trato del camarero genial. Repetiremos seguro!"
2023/9/30,1696024800,couples,5.0,Comida espectacular,"Muy buen sitio para cenar, combina varios estilos. Fernando el camarero que nos atendió demostró mucha profesionalidad y muy atento. Servicio excelente"
2023/9/29,1695938400,couples,5.0,Cena romántica ,Muy rico todo y la atención en la terraza de la chica de coleta morena espectacular muy profesional volveremos
2023/9/29,1695938400,couples,1.0,Ambiente agradable. Relación calidad-precio muy baja.,"Pésima relación calidad precio. Ambiente bastante agradable, comida para nada especial, precio muy elevado para lo que ofrecen. Pedimos varias raciones entre ellas alcachofa y wok y no nos convenció para nada. No repetiría."
2023/9/28,1695852000,friends,5.0,Muy recomendable,"Comida genial, patatas bravas y tacos excelentes. Servicio inmejorable, la camarera Esperanza de 100."
2023/9/23,1695420000,family,1.0,Genisl,Genial. La comida buenísima y el trato con los camareros muy agradable.  Sin duda merece la pena. Volveremos.
2023/9/19,1695074400,couples,5.0,Atención de Javier,"Excepcional, como siempre. Comida buenísima y sobre todo la atención de Javier, profesional como él solo. "
2023/9/9,1694210400,family,5.0,BUEN COMIENZO DE FERIA NUNCA DEFRAUDA SI NO Q SORPRENDE MAS,Sitio donde disfrutar de la buena comida.Siempre cositas fuera d cartaAmbiente y personal escepcionalNo vivo en Albacete y cada vez q vengo es una gran opciónLo recomiendo 🥳
2023/9/8,1694124000,friends,5.0,Genial,"Una gran experiencia culinaria. Todo riquísimo, excelente atención de Josedu. Repetiría sin ningún tipo de duda. Genial"
2023/9/4,1693778400,family,5.0,Comida fenomenal ,La celebración del bautizo fue todo de 10 desde la comida al servicio desde los entrantes muy elaborados a la bebida
2023/8/22,1692655200,friends,5.0,Una cena estupenda ,El trato del personal muy profesional fue excelente . La cena variada y los vinos una buena selección . Para repetir 
2023/8/18,1692309600,family,5.0,Sus bravas.. un espectáculo para los sentidos,"Simplemente espectacular, en presentación, atención, calidad de la comida y sobre todo los sabores de todos los platos que pedimos.Hacía tiempo que no me sorprendía tanto un restaurante. Si se busca una experiencia distinta es un sitio muy a tener en cuenta."
2023/8/16,1692136800,family,2.0,Mala y lenta atenciòn!,"No se si nosotros hemos tenido mala suerte o las demas opiniones no son ciertas. Del todo. Nuestra experiencia ha sido bastante mala. Fuimos a cenar antes de las nueve y a las diez nos habían servido la bebida y una tapa, reclamamos un par de veces y nada una tapa mas...al final tuvimos que anular platos e irnos, resultado,  dos tapas y las cervezas templadas... por cierro, las tortillas carabinero secas y quemadas... eso si, el rabo se toro estaba bien hecho y rico... pero Nunca mas..."
2023/8/10,1691618400,family,5.0,Mejor que Messi por la banda,La verdad es que todo fue agradable en Martina pero si pudiera destacar algo sería el fabuloso trato que nos dieron y la relación calidad precio que tenían sus productos. Sin duda volvería de nuevo.
2023/8/4,1691100000,family,5.0,Martina,Este sitio está bien para comer con familia y amigos. Comida buena y servicio más que correcto. Quizás se nos ha hecho un poco lento el servicio al venir con dos peques y dejar tiempo entre plato y plato. 
2023/7/31,1690754400,family,5.0,Totalmente recomendable,"Todo excelente, la comida exquisita y el servicio inmejorable, camareros profesionales. Sin duda,  repetiremos!"
2023/7/29,1690581600,couples,4.0,Muy atentos,Maravilloso. Lo mejor las tortillitas de camarón. Mucha cantidad en los platos y muy buena calidad. 
2023/7/26,1690322400,couples,5.0,Martina best restaurant,"Un servicio de 10, muy rápido y delicioso. En resumen todo genial, volvería sin pensarlo. Un saludo. "
2023/7/26,1690322400,couples,5.0,Muy buena experiencia ,Muy atentos al servicio y se preocupaban mucho por nuestra estancia. Los camareros han hecho un trabajo explendido 
2023/7/17,1689544800,family,5.0,Imprescindible en Albacete,"Un sitio muy agradable. Buena comida y buen servicio. Servicio estupendo. Merece la pena ir. El chef, Javi, es todo un artista."
2023/7/17,1689544800,family,5.0,"Profesionalidad, cdalidad de servicio y excelente comida","Excelente servicio y calidad de la comida.  Le indicamos al camarero que disponíamos de un máximo de una hora para comer, y nos aconsejo unos platos excelentes, y todos ajustado al tiempo disponible."
2023/7/16,1689458400,family,5.0,Muy recomendable,"Impresionante. La comida buenísima con muy buena calidad, el servicio perfecto en un ambiente muy agradable. Muy aconsejable en el centro de Albacete"
2023/7/14,1689285600,family,5.0,Muy recomendable,"El mejor restaurante de Albacete, muy recomendable para todas las familias.Muy buen servicio y atención "
2023/7/8,1688767200,friends,1.0,No es un sitio muy bueno.,"Probablemente sea una coincidencia pero nosotros fuimos y no se puede hacer peor. Todo salió mal. No se acordaron de tomarnos nota y nos traían platos que todavía no habíamos pedido. Cuando pedimos, el tiempo entre lato y plato era eterno. Pedimos vino y se les olvidó traerlo, luego nos preguntaron tres veces qué vino habíamos pedido,… la comida, estaba más o menos bien… para el precio, es correcta… pero es más bien un snack-bar que un restaurante ya que el guiso es malo. El peor rabo de toro que he probado. Para culminar, pedimos que llamaran a dos taxis y sólo llamaron a uno. Acumulación de desgracias desafortunadas… Siento la mala valoración, pero es que ha sido fatal."
2023/7/8,1688767200,couples,1.0,Horrible,"Un trato pésimo, los empleados estaban cabreados entre ellos, gritando e increpando. Se notaba un mal ambiente general"
2023/6/30,1688076000,couples,5.0,Experiencia perfecta,Espectacular. Las mejores bravas que sin duda vas a probar en la vida. Sabor peculiar e extraordinario.
2023/6/9,1686261600,friends,5.0,Cena muy amena.,"Una cena espectacular , con muy buen ambiente, y un gran servicio. Especial mención a Pepe, que nos ha tratado fenomenal y aconsejado muy bien . Repetiremos "
2023/6/3,1685743200,friends,5.0,Experiencia gourmet,Comida buenísima y el trato de los camareros excelente. Volveremos a repetir🤤Recomendamos pedir patatas bravas segundo premio certamen internacional.
2023/5/30,1685397600,couples,5.0,Cenas aniversario,"La comida fantastica, pero el servicio INMEJORABLE, exquisito el trato de Ivan y Pepe, sin duda repetiremos "
2023/5/27,1685138400,couples,1.0,Calidad mala,"Calidad de la comida fatal , deja mucho que desear , el trato de los camareros excelente es lo único que me llevo de allí"
2023/5/23,1684792800,couples,5.0,Comida en pareja,"Comida buenísima, muy bien trato por parte del personal, muy atentos y agradables, lugar muy acogedor, lo recomiendo!!"
2023/5/23,1684792800,solo,5.0,Buenas tapas,Buenas Tapas. No hace falta gastar mucho dinero para disfrutar de una comida elaborada. Lo que más me ha gustado han sido el atun marinado y la alcachofa.
2023/5/21,1684620000,none,5.0,estupendo restaurante,"una grata sorpresa por lo bien que hemos comido, una carta muy variada y sabores sorprendentes. Todo riquísimo y buena relación calidad precio"
2023/5/12,1683842400,friends,5.0,Excelente en conjunto,"Un sitio agradable, la temperatura ambiental perfecta. La carta es muy amplia y aparte, el camarero nos recomendó lo que tenían fuera de carta.La comida excelente y la atención muy buena. En conjunto, recomendable 100 por 100."
2023/5/8,1683496800,friends,5.0,Excelente celebración de comunión,"Lugar excepcional, y cena muy rica y bien atendidos. Aconsejable y recomendable. Fue cena de comunión y nos faltó detalle por parte del restaurante "
2023/5/8,1683496800,none,5.0,De los mejores sitios de Albacete.,"Cualquier plato que se pida está delicioso, y muy buena atención al cliente. Sitio agradable y con buen ambiente. "
2023/5/3,1683064800,couples,5.0,Vendré más veces,"Servicio excelente y comida deliciosa, el camarero muy atento en todo momento un encanto. Ambiente agradable m."
2023/4/27,1682546400,none,5.0,MUY RECOMENDABLE.,"He ido con mi Madre (cena para dos personas), en el comedor. Hemos estado muy tranquilas, muy bien atendidas por la camarera, le agradecemos su atención y su amabilidad, nos explicaba todos los platos. Queremos agradecerle su servicio de verdad.Hemos pedido al centro : unas bravas (buenísimas. Muy recomendables), y unas alcachofas (muy suaves y muy ricas también)  y el ciervo (estaba especial, perfecto, muy bien presentado)Todos los platos muy bien servidos y elaborados. Estamos muy contentas. Sin duda repetiremos"
2023/4/26,1682460000,friends,5.0,LAS BRAVAS!!,He venido desde Bolivia para probar las exquisitas patatas bravas y la verdad que estaban de 💯!!!Recomendadisimo
2023/4/24,1682287200,friends,1.0,El mal trato y la poca responsabilidad tanto de la encargada como de quién la a puesto hay,Sobre todo recalcar la poca profesionalidad de la encargada me imagino que será la hija de alguien o la mujer de alguien o la querida del dueño porque de hostelería y de trato a los clientes o hacia sus mismos compañeros no tiene ni idea
2023/4/22,1682114400,couples,5.0,Muy bien de nuevo,Gran trato por parte de los camareros y platos muy buenos a un precio razonable. Segunda visita al establecimiento y no será la última 
2023/4/22,1682114400,none,5.0,Genial el trato ,Muy buen trato y la comida excelente camareros muy amables ..?.....       .volveremos el pescado a la brasa muy rico 
2023/4/21,1682028000,couples,5.0,Estupenda ,"La comida excelente y el camarero muy amable y servicial, muy recomendable. El lical muy agradable y tranquilo."
2023/4/8,1680904800,couples,5.0,Buena calidad. Buen servicio.,Buena calidad.  Buenos platos como el ciervo cortado con salsa de coliflor y la al ocho a con salsa de queso manchego aunque le sobra el langostino si no está pelado del todo. Pero en general buena calidad. El servicio excelente.
2023/4/3,1680472800,none,5.0,Expectacular,"Muy buena atención al cliente ,buena comida  y muy cómodo además de camareros muy atentos y divertidos y amigables"
2023/3/8,1678230000,couples,5.0,Cena,"He ido a cenar con mi pareja para san Valentín, el trato de los camareros fue excelente, han estado en todo momento atentos y amables. La comida espectacular, todo 10/10. Sin duda vamos a volver!"
2023/3/6,1678057200,business,5.0,Sorprendente,"Éxito total al visitarlo. Muy buena cocina y trato excelente. El atasca burras con azafrán, de película. Aparcado casi en la puerta. Un lujo. "
2023/3/5,1677970800,couples,4.0,Ñamñam,"Hemos comido muy bien, las gyozas y las zamburiñas con caramelo bueniiiismo !! Todo un manjar de sabores en la boca.El pulpo llevaba unas salsas , nuestra preferida la de almendras aunqe no le hacía falta nada.😊Por poner alguna pega, la paletilla esperábamos que fuera entera y no Carne desmechada .Por lo demás todo genial, acogedor, romántico y trato excelente"
2023/3/4,1677884400,family,4.0,Muy buena cena,"He venido de viaje a Albacete con mi mujer e hija y reserve este sitio porque busque en Google los mejores restaurantes de Albacete y me salió este, y lo he podido comprobar. La atención al cliente estupenda y la comida y los precios aun mejor"
2023/2/26,1677366000,couples,5.0,PARA REPETIR MUCHAS VECES MÁS,"Reservé por los comentarios en internet. Nos ha ENCANTADO TODO, la comida, el trato del camarero tan amable que nos ha hecho sentir MUY a gusto. Máxima calidad en todo y los postres buenísimos. Una experiencia maravillosa."
2023/2/14,1676329200,couples,5.0,Muy buena cena,"Muy buena cena, la atención de los camareros estupenda y nos han dejado detalles por ser la noche de San Valentín Repetiremos"
2023/2/11,1676070000,couples,5.0,Cena San Valentín 2023,Estupendo! TODO SUPER RICO Y L@S CAMAREROS SUPER ATENTOS... REPETIRE! ❤ Me encanto todo!El pulpo delicioso y la pluma brutal
2023/2/4,1675465200,family,5.0,Experiencia culinaria,Comida exquisita y presentación excepcional con un trato inmejorable de Iván y Manolo. Se nota la profesionalidad.👏🏼👏🏼👏🏼
2023/2/3,1675378800,couples,5.0,Cena de pareja,"Restaurante decorado con gusto. Comida excelente relación calidad precio inmejorable. Atencion y trato durante la cena buenisima. Los platos muy bien preparados y servidos con esmero, buenisimos En definitiva contentisimos"
2023/2/2,1675292400,couples,5.0,Excepcional ,"Hace justicia a sus valoraciones. Reserva a través del enlace de Google. Atención un 10.Pedimos las Bravas (una locura), las gyozas, tortita de camarones y  alcachofa con tempura de langostino. Principales el rabo de toro y pasta rellena. Todos los platos un 10."
2023/1/27,1674774000,solo,5.0,Elegir Martina es acertar siempre,"Venir a Martina siempre es un acierto. Da igual dónde comas, en barra, en cafetería o en restaurante, el trato por parte de su personal es siempre exquisito. La calidad del producto es excepcional; se nota que tienen un magnífico personal en la cocina, porque las elaboraciones son de diez.Recomendables, para mi: el cortado de solomillo de ciervo; cualquiera de sus dos torreznos; y la pluma ibérica. Y cómo no, sus famosas y buenísimas patatas Bravas. Así como sus postres: el Coffee Chai, el Coconut & Mochi; o el tiramisú!Gracias en especial a Jose Edu y a Tina por su atención, así como al resto de camareros.Volveré, es uno de mis lugares favoritos de Albacete."
2023/1/25,1674601200,friends,5.0,Increíble 🙌,Salimos maravillados del menú la atención y de la calidad de los platos en sí 👌🏻 volveremos seguro
2023/1/24,1674514800,business,5.0,Cena con compañero de trabajo,"Tataki de atún, alcachofas a baja temperatura, tempura de langostino y wok, buenísimo, entrañable servicio y buen precio. Repetiremos seguro"
2023/1/21,1674255600,family,5.0,100% recomendable,"La comida riquísima. Mencionar también el buen trato de los camareros y la camarera que nos atendieron, pendientes de nosotros en todo momento. Además, se agradece que con cada plato nos explicaban qué ingredientes lleva/cómo está hecho."
2023/1/18,1673996400,couples,5.0,Genial experiencia,"Toda la comida estaba genial, sale en el momento oportuno, y la atención perfecta, 100% recomendable!"
2023/1/13,1673564400,couples,5.0,Buen sitio,"La comida esta genial, el servicio perfecto, y el orecio ajustado a la buena calidad que te sirven. Repetire, por poner una pega, dire que las bravas picaban demasiado, pero eso ya va a gustos, si te gusta mucho el picante disfrutaras de los lindo,ya que estan realmente buenas."
2023/1/3,1672700400,couples,5.0,Una cena espectacular,"La comida y el servicio muy top.Sobretodo a destacar el plato de shitake con vaca madurada, una delicia.Lo recomendamos"
2023/1/2,1672614000,couples,4.0,Muy buena elección,"Un restaurante muy bueno, aunque estaba lleno, aun así nos atendieron muy rápido. No te puedes ir sin probar las patatas bravas y los torreznos, algo exquisito. Volveremos sin ninguna duda."
2023/1/1,1672527600,family,4.0,Sitio agradable,"El sitio es muy agradable. El servicio muy amable y atento. La comida está bien. Tal vez un poco caro, pero como todo ahora."
2022/12/29,1672268400,family,5.0,Hallazgo espectacular,"De viaje decidimos parar a comer en Albacete y tuvimos la gran suerte de dar con el restaurante Martina. Frente a un precioso parque, ninguno de los platos que probamos defraudó. Un camarero encantador nos guió y ayudó a configurar nuestra esperiencia culinaria. Con las croquetas de langostino y curry, de jamón, y de cerdo y cangrejo iniciamos el sendero, seguidas de unas inmejorables patatas bravas modernas, crujientes por fuera, melosas por dentro, regadas por una salsa ligeramente picante. El espectacular pulpo a la brasa sobre una cama de arroz negro en su punto, aderezado con romescu, mahonesa con wakame y salsa de curry verde volvió a subir el listón, pero el siguiente plato, un revuelto de setas shiitake con vaca vieja siguió incrementando el disfrute gustativo que se mantuvo con un solomillo que se desacía en la boca acompañado de unas patatas fritas perfectamente ejecutadas. Yo disfruto generalmente más de los salados, pero los postres también estuvieron a la altura. Una muy correcta tarta de queso, un interesante mochi y un fantástico coulant de chocolate con helado de coco. Restaurante con terraza exterior, accesible y con baño adaptado a personas de movilidad reducida.Realmente muy recomendable."
2022/12/28,1672182000,family,3.0,Cicateros y escaso.. No se lo recomendaria a nadie...,"Un menú de 45 euros tiene un precio suficiente para ofrecer unn calidad más que aceptable. No ha sido así, los entrantes han sido cicateros y algo escasos. El plato principal, bacalao en nuestro caso, muy normalito. Los vinos no se distinguen por su calidad. En fin... No se recomendaría a ningún conocido. No todo es hacer negocio..."
2022/12/22,1671663600,couples,5.0,Espectacular,"Nos ha encantado el trato,la comida,el local,todo favorable!!!Repetiremos sin duda!!Un lugar muy acogedor"
2022/12/17,1671231600,friends,5.0,Espectáculo de sabores!!,"Ha sido un placer visitar el restaurante, muy buena atención y muy buena recomendación,  nos ha encantado!!!Volveremos a repetir Nos atendió Sr.Javier y ha sido muy profesional con nosotros"
2022/12/10,1670626800,friends,5.0,Primera vez en martina,"Estuvo todo genial, la atención de 10, la comida también, un salón muy tranquilo y agradable, recomendable para pasar buenos momentos con amigos y familiares"
2022/12/10,1670626800,friends,5.0,Cena con amigos,Servicio altamente profesional y atención inmejorable. Totalmente recomendable. Repetiré sin ninguna duda.
2022/12/10,1670626800,family,5.0,Buena comida y muy buen servicio,Fantástica comida y muy buen servicio. Buena relación calidad-precio. Merece mucho la pena!! Esperamos volver en la próxima visita a Albacete!!
2022/12/10,1670626800,couples,5.0,Merece la pena,"Sitio acogedor, buen servicio, buena comida, precio correcto. No podemos pedir nada mas, si vuelvo a albacete volvere! Vale la pena."
2022/12/10,1670626800,family,5.0,Cena,"El servicio excelente y la comida todo muy rica, calidad precio bien. Sin duda repetiremos.Recomiendo el pulpo 🤤"
2022/12/6,1670281200,family,5.0,Me encanta la zona de bar y su terraza,"Me encanta la carta de la zona de bar (y terraza) a diferencia de la carta de comedor que no llama mi atención. Las famosas patatas, torreznos con vieira y mango, tacos...muchísimos platos riquísimos donde elegir y de postre no puedo dejar de tomar su tiramisú."
2022/11/29,1669676400,friends,5.0,Excelente,Servicio excelente. Ninfa un encanto y súper atenta. Un 10 para ella. Comida excelente también. Gracias
2022/11/26,1669417200,family,5.0,Muy recomendado,La comida muy rica y original.  Los camareros muy atentos en todo momento. Ideal para  cenar de  tapas. Relación calidad-precio adecuada.
2022/11/25,1669330800,couples,5.0,Para repetir,"La comida genial y el servicio todavía mejor, nos atendió Josedu, es muy agradable que te atiendan trabajadores que se preocupan por dar un buen servicio, volveremos sin duda."
2022/11/24,1669244400,couples,5.0,Espectacular,"Tiene de todo, por destacar diría las patatas bravas  , son espectaculares. Toda la carne está buenísima. El trato es espectacular y el ambiente idóneo. Volveríamos sin duda"
2022/11/24,1669244400,friends,5.0,Comida,Fuimos un grupo de amigos en plan improvisado. Comida de escándalo y mejor servicio aun. Se nota que se cuida hasta el ultimo detalle. Para repetir sin duda.
2022/10/29,1666994400,couples,5.0,Cena,"Comida en pareja con una atención excelente por parte de Tina y Virginia, súper atentas desde el minuto uno, las patatas bravas sin duda lo mejor de la noche."
2022/10/1,1664575200,couples,5.0,Muy bien,"Fuimos a comer en pareja. Trato fenomenal, comida muy rica. Recomiendo el taco mexicano y las patatas. Muy buena relación calidad/precio."
2022/9/26,1664143200,business,5.0,Excelente,"Fuimos por cuestión de trabajo y la cena, después de un día largo, fue muy buena. Magnífica calidad en todo lo que pedimos y el servicio excelente.Muy recomendable y para repetir"
2022/9/26,1664143200,friends,3.0,No está mal,Varias visitas. La última la peor con la carne en no perfecto estado. Lo mejor las gyozas y el jamon. El servicio era deficiente ya que el número de camareros era insuficiente. 
2022/9/20,1663624800,business,5.0,Visita Óptima,"Todo muy correcto, ambiente,comida...etcServicio muy profesional, volveré sin dudarlo un sitio muy recomendable para salir de la monotonía."
2022/9/18,1663452000,family,4.0,"Martina, muy recomendable","Buena comida, mejor servicio y trato excelente.  Restaurante céntrico y acogedor tener en cuenta en la oferta gastrónomica -a veces, tan manchega- que ofrece Albacete."
2022/9/11,1662847200,friends,4.0,De mis lugares favoritos.,"Excelente tanto en la comida como en el servicio. Pero echamos en falta los postres viejos, como el couland de chocolate blanco y el pastel de calabaza."
2022/9/10,1662760800,couples,5.0,Excelente,"Fuimos a cenar en pareja, el camarero muy atento y amable, la cena muy rica, para repetir, calidad precio buena! Volveremos 👌🏼"
2022/9/9,1662674400,friends,5.0,Para repetir,"Estuvimos dos parejas con niños y comimos genial, la comida buenísima y el trato genial…… para volver a repetir…………….."
2022/9/7,1662501600,friends,5.0,ASOMBROSAMENTE INCREÍBLE,"Sin duda repetiremos, una cena increíble.Cada plato superaba al anterior, bueno, sin mencionar el servicio brindado por el camarero ANGELSin dudarlo, reservaremos muchas más veces, no lo dudeis en ningún momento, no os arrepentiréis. ✨"
2022/9/1,1661983200,couples,5.0,PARA REPETIR,"Cocina espectacularLimpieza y cuidado del detalle inmejorable.La atención y el servicio del camarero a sido ya otro nivel. Educado....simpático ...y buenas recomendacionesSin ninguna duda, un restaurante para repetir!Cómo recomendación: las patatas bravas y el pulpo a la plancha"
2022/8/28,1661637600,friends,4.0,Cena,"Cuando llegamos todas las mesas estaban ocupadas, pero a los 5 minutos nos consiguieron una en el comedor, la comida muy rica y servicio impecable. Muy recomendable."
2022/8/25,1661378400,couples,5.0,Sitio excelente 😊,Comida con raciones generosas y deliciosas. La pasta con Boletus para chuparse los dedos. La atención de la camarera ejemplar. Recomendable. Volveremos sin lugar a dudas.
2022/8/12,1660255200,couples,1.0,Más de lo mismo,"Más de lo mismo. Cocina con falsas pretensiones. El atún marinado podría ser cualquier cosa salvo atún tortillitas de camarones aceitosas y sin fundamento. Las bravas incomibles de “bravas”. El postre coffe Chai. por que pedí postre? … Regalan los chupitos y luego los cobran. Solo se salva el servicio de Alvaro, buen profesional."
2022/7/27,1658872800,business,5.0,Pulpo a la plancha espectacular,"Me encanta comer allí y cenar es espectacular ICO y vistoso, recomendable 100%. El pulpo quita los sentidos"
2022/7/26,1658786400,family,4.0,Buenas cena.,"Cocina bastante bien. Solomillo regular. Bravas, Baoa, Gyozas, jamón iberico, atún marinado muy bien. Atención en sala excelente, Álvaro magnífico profesional.  Volveremos."
2022/7/23,1658527200,couples,4.0,Buena comida en un lugar acogedor ,"Muy buena comida y muy buena experiencia. Pedimos 2 alcachofas, fritura de pescado (media ración, acertada recomendación con las cantidades), pollo koreano y wok de verduras con langostinos. En todo momento, excelente atención. Por ponerle un pero, exceso de salsa de soja que hacía que la verdura estuviera un poco salada pero con el punto de brasa estaba casi equilibrado. Martina queda marcada como obligada visita si estáis en Albacete. Gracias por vuestro buen hacer."
2022/7/19,1658181600,couples,3.0,Aceptable,Teníamos muchas ganas de probar ya que nos lo habían recomendado como uno de los mejores de Albacete. La verdad es que no llega a ser un Restaurante como tal sino un bar moderno  de pocas tapas y raciones. Lo que probamos fue normal.Relación calidad - precio: Algo caro para lo que ofrecen.
2022/7/17,1658008800,none,5.0,EXCELENTE CHEF,"Voy muy amenudo Martina, sus platos son espectaculares y el trato magnifico. El sabor que aporta su chef Javier Albuger a cada una de sus creaciones tiene siempre un toque oriental como base a cocina de tradición manchega, una fusión que no deja indiferente a nadie. Recomiendo no marcharse sin probar su tapa subcampeona de Patatas Bravas."
2022/7/17,1658008800,family,5.0,Excelente,Estamos terminando los cafés ☕️ y hemos pedido la cuenta! '  todo excelente 👌. Camareros atentos y profesionales.  Tiramisu buenísimo 👏 . Venimos de Toledo y teníamos parada obligatoria aquí para comer. Volveremos!!
2022/7/17,1658008800,family,1.0,Mala experiencia,"Nos atendieron mal desde el principio, la cena no estuvo mal, aunque bastante caro para lo que comimos"
2022/7/13,1657663200,family,5.0,Cena,Muy buen servicio por parte del camarero y muy buena comida por parte de la cocina.Muy recomendable.
2022/7/10,1657404000,couples,5.0,Sitio fino,"Lugar acogedor, donde puedes cenar muy bien con una buena relación calidad precio. Si te gusta el vino, tienen una amplia carta. Muy recomendable."
2022/6/28,1656367200,couples,5.0,Cena perfecta,"Comida riquísima. Pedí los tres tipos de croquetas, alcachofa y un solomillo de ternera al punto que estaba buenísimo.Muy recomendable. Precio acorde a la calidad del producto"
2022/6/22,1655848800,couples,5.0,Servicio espectacular,El chico que nos ha servido ha sido una maravilla. El servicio de Javier ha sido el mejor que nos podrían haber dado. Comida riquísima pero valoro el servicio sobre todo
2022/6/18,1655503200,couples,5.0,Genial,"Todo genial, atención, la comida, trato espectacular. Sin mencionar la decoración y el ambiente. Soy celiaca y tienen bastantes opciones sin gluten bastante ricas."
2022/6/4,1654293600,couples,5.0,Comida en pareja,Maravillosa comida...todo exquisito con una estupenda presentación sin olvidar al servicio que es excepcional. Volveré sin dudarlo. Lo recomiendo.
2022/5/31,1653948000,family,5.0,Realmente satisfactorio,"Estaba la comida muy buena, el trato del camarero muy agradable y sus recomendaciones muy acertadas. El pulpo está impresionante y la presa ibérica para repetirla"
2022/5/27,1653602400,couples,5.0,Gran experiencia,Excelente trato y deliciosa comida.Las patatas bravas éxquisitas.Muy recomendable.Volveremos sin dudarlo.
2022/5/27,1653602400,couples,5.0,Una gran experiencia ,"Muy buena experiencia. Sin duda de lo mejor de Albacete. Todo un descubrimiento. Variedad, calidad y una excelente atención por parte del personal. "
2022/5/22,1653170400,family,5.0,Manteniendo el tipo,"Este sitio ya cuenta con unos años se experiencia en AB . Ha sabido adaptarse, ya era innovador pero continua añadiendo detalles . La calidad no tiene duda. Estamos dentro del grupo Candela y se nota que el equipo de Gonzalo “pesca” en los mejores proveedores. Hoy comimos la ensaladilla con textura fresca y suave , rica .Las tortitas de camarones caseras …… con camarones !La tapa de rabo de toro. Bueno , bien , pero en esta zona es mejorable …. Rodaballo . Aquí la calidad , la elaboración y la presentación están en un nivel muy alto .Los postres en general buenos . Como no es mi especialidad no comento .Plano aparte la atención . Fenomenal el personal el trato y el cambio constante de cubiertos .El local bonito y moderno , para mi sigue “ruidoso” cuando está lleno de gente ."
2022/5/22,1653170400,couples,5.0,Domingo de comida,Todo buenísimo y trato excelente volveremos próximamente el tatami impresionante y las patatas buenísimas
2022/5/20,1652997600,couples,5.0,Cena,"Todo excelente. El señor Pepe y Javier , camareros, servicio muy excelente.Recomendacion 100% un sitio agradable y para repetir sin duda."
2022/5/20,1652997600,couples,4.0,Fenomenal el trato y la comida.,Fenomenal el trato y la comida. Muy amables y una comida deliciosa y de calidad. Además el restaurante es céntrico y muy chulo.
2022/5/17,1652738400,couples,5.0,Maravilloso,"Sitio excelente y comida de calidad, ambiente maravilloso para disfrutar de la comida. Muy recomendado"
2022/5/17,1652738400,none,5.0,Maravilloso,"La comida, el ambiente, la atención, todo superó nuestras expectativas. Un buen restaurante al que volver. Un saludo."
2022/5/6,1651788000,couples,5.0,Genial como siempre. Gracias Ninfa por el trato,"Un lugar especial frente al parque Abelardo Sánchez , platos sorprendentes, ambiente acogedor y servicio de 10. Aunque toda la carta es increíble, el pulpo no puede faltar así como todos sus entrantes (las bravas riquísimas). Los postres, pidas el que pidas es un acierto.Siempre que venimos el trato es genial pero esta vez queremos destacar la atención de Ninfa, es súper profesional y encantadora. ¡Gracias por todo! Volveremos como siempre :)"
2022/4/26,1650924000,none,5.0,Excelente atención!,Los platos son abundantes y el menú y la comida de excelente calidad. Sin duda repetiré la experiencia.
2022/4/25,1650837600,friends,5.0,Riquísimo!!,"Genial para ir a comer con amigos, la comida estaba riquísima y los camareros son los mejores, un trato de 10. Al día siguiente repetimos y probamos comer en su salón y fue inmejorable. Muy recomendables los torreznos y sus famosas patatas bravas, por no hablar del postre de calabaza!!"
2022/4/23,1650664800,couples,5.0,Excelente,Sitio estupendo y personal de 10. Repetiremos sin duda en nuestra próxima visita a Albacete. De agradecer el estupendo trato
2022/4/23,1650664800,couples,3.0,"Buena presentacion, producto sin sabor, personal profesional","Fuimos con muchas expectativas y el sitio está bien, restaurante en buen sitio y todo normal. La atención de los camareros muy profesional y sin duda lo mejor del sitio. Quizás tuvimos mala suerte con el pedido. Un wok de verduras y gambas muy Bueno, un pulpo a la brasa con tres salsas, recomendado por el camarero, muy buena pinta pero el pulpo sin sabor ninguno, como si fuera pulpo muy congelado o de mala calidad…. Sin sabor a pulpo. Seguramente será una casualidad, pensamos. Las salsas con mucho sabor a mayonesa normal. No nos desanimamos esperando un rape a la brasa que llega con muy buen color y salsa, que el camarero desespuma y salsea muy bien. Pero lo probamos y….. otra vez sin sabor ninguno a pescado y la salsa demasiado ácida, que nos impide disfrutar del pan….. con toda desilusión lo dejamos sin terminar. El postre un culan  que compartimos con ganas de marchar, previo pago de 80 euros,. Si los pedidos hubieran estado con sabor y la salsa menos ácida, habría sido una buena experiencia. Puede que haya sido mala suerte, pero así ha pasado. Repetiríamos por el servicio, no por los platos."
2022/4/23,1650664800,couples,5.0,Muy buen servicio,Excelente servicio. La comida es de muy buena calidad y presentación. Repetiremos muy contentos con el servicio.
2022/4/22,1650578400,couples,5.0,Nunca fallan,"Como siempre, buena comida y un trato de 10. Calidad precio de lo mejor en Albacete. Enhorabuena y a seguir así."
2022/4/20,1650405600,family,5.0,De lokossss,"Servicio exquisito, comida de rechupeteeee. El pulpo, las tortillitas de camarones y las carnes espectaculares y para terminar los suspiros....ummmm"
2022/4/17,1650146400,friends,5.0,Para repetir,"Desde el recibimiento hasta la salida,maravilloso. La comida,espectacular.  La atención, estupenda. Desde luego,la relación calidad precio excelente."
2022/4/16,1650060000,couples,5.0,Una velada espectacular,La comida y el trato de los camareros no tiene precio!! Muy recomendable y muy digno de probar!!Todo un espectáculo!!
2022/4/16,1650060000,family,3.0,Comida con mi mujer,Local agradable pedimos unas almejas marinera no estaban mal pero nadaban en una salsa roja seguimos con pulpo a la brasa sobre arroz negro con tres salsas muy ricas cerramos con rape a la brasa que era pequeño y sin cabeza con demasiada salsa nadaba y para unos de Bilbao acostumbrados a el pescado plancha o brasa este estaba poco comible un postre rico una botella de agua una caña dos cervezas sin alcohol y dos cafés 93€ un poco cara.
2022/4/15,1649973600,couples,5.0,Número uno con razon,"Hicimos la reserva en este restaurante siguiendo las opiniones de TripAdvisor y la verdad no nos decepcionó, Javier y su equipo trabajan en la total atención a los clientes. El servicio, la atención y los distintos platos son excelentes, no será raro que en los próximos años consigan un reconocimiento de la guía Michelín."
2022/4/14,1649887200,couples,5.0,SOBERBIO,"En un local que llama la atención por bonito,funcional original, te encuentras una cocina exquisita con una fusión perfecta de distintos estilos de varios continentes. El personal atento y muy amable ,con mucha ayuda para la comanda.destaco a Javier todo amabilidad y profesionalidad .Un lugar para no perdérselo en Albacete"
2022/4/13,1649800800,couples,5.0,"Increible, como siempre :)","No es la primera vez que vamos a Martina, somos muy asiduos desde que lo probamos al poco de que abriera y es que es una maravilla. Esta vez, destacar al camarero Jose, que no pudó ser mas profesional, más simpático y nos atendió de 10. Da gusto que a estos restaurantes tan top, la plantilla que los compone, hagan de tu experiencia algo increíble, como Jose (y eso que fuimos un poco antes de que cerraran cocina). A pesar de llevar mascarilla, no dejo de sonreír y ser amabilísimo, y en los tiempos que corren, eso vale el doble.La comida de 10 como siempre :) siempre recomendaré la tarta de calabaza, aunque todos los postres están riquísimos.¡Mil gracias por todo! Volveremos (mucho)!!"
2022/4/13,1649800800,couples,5.0,Brunch,Espectacular tanto la comida como la atención!!Muy buena calidad - precioNos encantó! Volveremos !!
2022/4/3,1648936800,couples,5.0,Repetiría de nuevo,"Ya habíamos estado en su terraza tomando un vino y teníamos ganas de venir a comer al restaurante. La reserva la hicimos con una semana de antelación y fue una elección muy acertada. Es un restaurante muy acogedor, los platos están muy bien presentados y la atención es muy buena, recomendable al 100%, el pulpo a la brasa, la alcachofa con langostino y el solomillo con mantequilla de anchoa.El único punto a mejorar sería la presentación de la carta, ya que los tres folios grapados no se adaptan a los tiempos actuales, echamos de menos el código QR mucho más práctico. Volveremos!!"
2022/4/2,1648850400,none,4.0,Para repetir,"Llevábamos tiempo queriendo ir, pero la llegada no fue muy buena. Al entrar le dijimos a la camarera que teníamos una reserva, le doy mi nombre y la hora, y nos miró como si le estuviésemos echando una mentira. A pesar de la reserva no nos subió al comedor, sino que nos colocó abajo en el bar y se dirigió a la barra: “que dicen que tienen reserva”. Yo aún no entiendo qué es lo que la muchacha no entendía. Por fin subió al comedor y efectivamente la camarera de la sala se lo confirmó. Hasta ahí ya nos estábamos arrepintiendo de haber ido. Menos mal que una vez que subimos todo cambió. El local muy limpio (te desinfectan la mesa al llegar), con una decoración cuidada, espacioso, nada ruidoso. Los camareros muy atentos, nos aconsejaron muy bien, siempre pendientes, muy agradables. La comida con un punto innovador sin querer pasarse, todo BUENÍSIMO y con una buena calidad-precio. La carta tenía un montón de platos apetecibles, así que volveremos sin duda para probar más cosas. "
2022/3/25,1648162800,family,5.0,Martina,Excelente servicio y atención un sitio muy recomendable!! A destacar su paletilla a la brasa y su originalidad
2022/3/25,1648162800,family,5.0,Cena de cumpleaños.,"Muy buen servicio, buenisima comida. Sitio de 10! Muy recomendable. Rápidos y amables, volveré seguro."
2022/3/20,1647730800,couples,5.0,"Excelente, ni un pero","Comida en pareja ideal. Trato exquisito y comida ídem. Relación calidad-precio insuperable. Nos gustó todo, para repetir"
2022/3/19,1647644400,family,5.0,Comida de calidad,Platos muy buenos y muy buen trato. Pulpo y jamón muy buenos. Patatas bravas muy originales y presentación de platos positiva
2022/3/15,1647298800,none,5.0,Excelente atención y muy buena comida.,"Como fuimos sin reserva comimos en las mesas del bar. Algo ruidoso, pero bien. La comida y el servicio excelentes."
2022/3/9,1646780400,couples,5.0,Cena improvisada,Una atención perfecta durante la cena y rapidez en el servicio en una cena improvisada de miércoles :)
2022/3/9,1646780400,couples,5.0,Muy recomendado,Restaurante con una calidad precio muy buena y con unos camareros muy atentos. La cocina es rápida y todo muy bueno.
2022/3/7,1646607600,couples,5.0,Merece la pena,"Hemos visitado el restaurante en varias ocasiones y siempre hemos salido muy satisfechos.El servicio,los productos y el ambiente muy buenos.Lo recomiendo"
2022/3/4,1646348400,friends,4.0,Genial!!!!! ,"Excelente trato, Noelia es una gran profesional, y que decir de la comida!!! todo buenísimo; nos veremos de nuevo muy pronto. "
2022/3/3,1646262000,couples,5.0,Cena Martina,"Muy buen sitio para cenar, servicio muy atento, gran variedad de platos a precios asequibles, sin duda repetiremos. Las bravas son espectaculares"
2022/3/1,1646089200,couples,5.0,Grande ,"Excelente relación calidad precio. Todo muy bueno, igual que las anteriores veces que hemos venido.Excelentes entrantes, muy originales. La fritura de pescado, genial "
2022/2/28,1646002800,couples,5.0,Muy apetecible,Un sitio bonito...comida muy apetecible y precio razonable. Nos atendieron  bien.Comimos unas tapas muy ricas .lo recomiendo.
2022/2/28,1646002800,business,5.0,Brutal,"He cenado y pasado un rato muy ameno! El restaurante de 10, trató muy amable. Y preguntar por Emilio, el te dirá que comer para tener una cena increíble!!! Repetiré mañana mismo …"
2022/2/18,1645138800,couples,5.0,Un viernes cualquiera,"Comida sabrosa para deleite del paladar, buen servio, muy amables y atentos, precio de acorde al servio, repetiremos."
2022/2/18,1645138800,friends,5.0,Muy recomendable ,Excelente servicio camareros muy amables Muy buena relación calidad precio El pulpo exquisito y el tataki de atún buenísimo 
2022/2/13,1644706800,couples,5.0,Un 10 en todo,"Nos encantó, el servicio super atento y muy agradable y la comida riquísima, sin duda para repetir una y otra vez"
2022/2/3,1643842800,friends,5.0,Martina,"La camarera muy atenta y simpática, un servicio rápido, y la comida exquisita e inigualable. Sin duda repetiremos."
2022/2/1,1643670000,business,5.0,Comida estupenda y mejor servicio ,Encantados con el servicio de parte de Javier. Atento en todo momento lo que nos hizo pasar una noche espectacular. Muchas gracias! 
2022/1/29,1643410800,family,4.0,Comida familiar,"Un restaurante muy agradable, la comida exquisita y el servicio excelente, amables y profesionales.Volveremos."
2022/1/27,1643238000,family,5.0,Lugar para recordar,"Cocina muy cuidada, servicio perfecto y agradable. Buen maridaje en la recomendación de las viandas por parte del servicio. Lo recomendaremos y volveremos."
2022/1/16,1642287600,couples,5.0,Nos gusto mucho para repetir,"Comida en pareja, atención por parte de Dori espectacular, las bravas sin palabras muy muy buena y la pluma especial. Salimos encantados repetiremos muy pronto."
2022/1/16,1642287600,family,5.0,Genial,"Comida familiar de 10 atención, cocina,calidad precio un lugar que invita a volver atención de los camareros inmejorable y platos fuera de lo común muy muy ricos.Volveremos muy pronto un 10 para el equipo."
2022/1/16,1642287600,family,5.0,Genial,"Siempre es un placer ir a disfrutar de la carta al Restaurante Martina. Grandes profesionales, y espectacular servicio."
2022/1/16,1642287600,family,5.0,Comida familiar,"Es un restaurante con un servicio y atención excelente, con unos platos exquisitos y con muy buena relación  calidad precio. Recomendable para  cualquier ocasión."
2022/1/16,1642287600,family,5.0,Cena genial,"Excelente servicio y referente a la comida, no puede ser mejor, aunando tradición y originalidad. Un diez para la conina 👍"
2022/1/15,1642201200,family,5.0,Comidas diferentes y buenas.,"Hemos estados en la parte del comedor y nos ha encantado.Las patatas bravas no han faltado y cada plato que traían mejoraba al anterior.Destacar la mezcla de sabores, juntado dulce y salado en un mismo plato. Y las salsas siempre dando el toque diferencial a cada plato.Y el servicio muy atento y agradable.Siempre repetimos y repetiremos!"
2022/1/15,1642201200,couples,5.0,Me encanta,"Trato,servicio y calidad estupendo, recomiendo sus patatas bravas  riquísimas  la cerveza 🍺 maestra de barril  buenísima y bien fresquita."
2022/1/15,1642201200,couples,5.0,Comida espectacular,"Servicio y comida espectaculares. Recomiendo la oreja lacada y la pluma ibérica, y de postre, el pastel de calabaza."
2022/1/9,1641682800,family,5.0,Muy recomendable!,La calidad y presentación de los platos es muy buena y la atención inmejorable. Muy recomendadas las patatas bravas.
2022/1/9,1641682800,friends,5.0,Me encanta!,"Es la primera vez que he ido y la comida estaba fantástica, sobre todo el punto de la carne, las bravas y el shitake buenisimos y el servicio genial super amables y simpaticos sin duda volveré :)"
2022/1/9,1641682800,family,5.0,De lo mejor que he probado,"Una comida espectacular, buenos platos y riquisimos, el ambiente es  muy tranquulo y bonito y la profesionalidad de los trabajadores excelente, volveré a ir bastantes veces"
2022/1/8,1641596400,couples,5.0,MUY RECOMENDABLE,"En cuanto a calidad, variedad y precio muy bien, el servicio de 10 muy atentas las camareras y simpáticas , sitio recomendable"
2022/1/8,1641596400,couples,5.0,Comer MUY BIEN,"Sitio MUY MUY recomendable. El local, el servicio y la comida. Todo original, q buena imagen y mejor sabor. Nos ha encantado y volveremos cuando pasemos por Albacete. De esos sitios q te dejan con ganas de volver."
2022/1/4,1641250800,couples,5.0,Cena entresemana,"Cenamos en las mesas altas de la entrada. El servicio muy atento. Comida de diseño, buena calidad, variada  y sabrosa.Muy recomendable.Velada agradable, para repetir."
2022/1/4,1641250800,couples,5.0,Cena,Excelente trato y platos elaborados. RECOMENDAMOS las patatas bravas y las croquetas. Repetiremos pronto.
2021/12/30,1640818800,friends,5.0,Excelente lugar,"La comida esta buenisima y el servicio encantador en especial Lorena, inmejorable, las recomendaciones siempre acertadas.De los mejores lugares calidad-precio.Buen sitio para tomar una cerveza con amigos o comidas familiares, al solecito y frente al paraue!100% recomendado"
2021/12/29,1640732400,friends,5.0,Cena,"La cena espectacular y sobre todo el servicio de Tina, que gran profesional!!! No dejéis de probar lan tapa del concursoGrande Javi"
2021/12/29,1640732400,friends,5.0,Cena con amigas,"Tina al igual que Noelia las mejores camareras, volveremos el 2022 sin duda, espectacular servicio y calidad"
2021/12/29,1640732400,friends,5.0,Un acierto seguro,"Es uno de mis restaurantes favoritos de Albacete, tanto por la relación calidad precio, el sabor de la comida y la variedad de la carta. Imprescindibles las bravas, los baos y el postre de suspiros. Muy estrictos con las medidas covid. Noelia siempre me recomienda los platos adecuados para salir satisfecha."
2021/12/29,1640732400,friends,5.0,Fantástica comida,Comida excelente con unas recomendaciones muy acertadas. De los mejores restaurantes de Albacete. Los camareros y atención excelente. Siempre repetimos
2021/12/29,1640732400,couples,5.0,Platos de siempre con un toque diferente,Pedimos platos manchegos que venian con un toque diferente muy acertado (lomo de orza con crujiente de corteza y alioli de pimenton). El resultado muy satisfactorio.
2021/12/29,1640732400,solo,5.0,Lugar agradable,Lugar agradable con trabajadores completamente profesionales y con buena disposición de darle al cliente lo que se merece y buenos productos calidad precio excelente. ambiente agradable tanto cafetería como en sala. Un sitio para tener en cuenta en Albacete. gracias por vuestra atención
2021/12/28,1640646000,none,5.0,Recomendable 100%,"Fuimos a cenar hace unos días junto con unos amigos, hemos ido ya unas cuantas veces y nunca deja de sorprendernos. Sin duda es uno de los mejores restaurantes de Albacete, por no decir el mejor. Las bravas creo que se han convertido en uno de los platos estrella y no es para menos. La atención por parte de la camarera fue impecable nos explico cada plato a la perfección. Por otro lado, me gustaría destacar las medidas COVID. Perfectamente aplicadas!Volveremos y sin duda lo recomendamos al 100%"
2021/12/28,1640646000,friends,5.0,Navidad 2021,"Fui con mis amigas y me quede realmente fascinada , la comida excelente, el trato y atención muy buenos, una maravilla. Recomendable 100x100"
2021/12/28,1640646000,family,5.0,Volveremos,"Una gran experiencia, tienen un muy buen menú, la comida buenísima y las camareras genial, muy profesionales y te aconsejan muy bien."
2021/12/27,1640559600,couples,5.0,Cena,"Sitio muy agradable, servicio excelente, en concreto una camarera  rubia educada y atenta, cocina moderna y todo muy rico. Siempre repetimos, comida, cena, cervecita o una copa. Ideal a cualquier hora. Muy recomendable."
2021/12/26,1640473200,family,5.0,Todo increíble,"Fuimos la familia con motivo de mi cumpleaños, y todo muy bueno como siempre, el trato esquisto y los precios acordes"
2021/12/25,1640386800,friends,5.0,Estupenda atención,"Nos han atendido Lorena y Javier, y el trato ha sido genial. Nos han desmenuzado la carta al detalle. Repetiré"
2021/12/25,1640386800,friends,5.0,Maravilloso,"Fuimos con amigos y reservamos en la parte de cafetería para poder pedir los baos que tanto nos han recomendado y la verdad es que no encantaron al igual que ""la tortilla""de setas Excelente servicio  camareros que nos explicaron todo los platos como el de cocinaVolveremos sin duda!!!"
2021/12/8,1638918000,family,5.0,SORPRENDENTE,"Como otras veces toda una sorpresa ,  estaba todo genial, calidad y precio, recomendable 100%. Los entrantes especiales  la carne se desacia , los postres impresionantes....esperando volver "
2021/12/7,1638831600,friends,4.0,Buen restaurante,"Es un restaurante elegante entre los disponibles en Albacete, forma ya junto con otros 2 parte de una ""cadena"" en la ciudad que intenta mantener un estilo de restaurante con platos bien diseñados y cocina creativa, con fusión de elementos manchegos y de otras regiones, incluso de cocinas foráneas, tipo asiático.Buena carta de vinos, respecto a los caldos castellano-manchegos"
2021/12/3,1638486000,family,5.0,Nuestro restaurante favorito de Albacete,"Siempre que vamos a pasar el día allí vamos a comer, carta divertida y variada, muy buena calidad, servicio atento y muy servicial, un gran lugar."
2021/12/1,1638313200,couples,1.0,COMPUESTOS Y SIN MESA,"El miércoles por la noche de la semana pasada llamé para reservar un mesa para comer el sábado 27/11  dos personas, la cual me fue confirmada por el chico que me atendió diciéndome que le quedaba una mesa en el salón de arriba. Cuando llegamos, dijimos que teníamos reserva arriba en el restaurante y nos dijeron que pasáramos. Cuando subimos al salón, vemos que estaba completo y reservado con la celebración de un cumpleaños. Ya empecé a mosquearme. Volvemos a la barra a decir que arriba está lleno y que miren nuestra reserva. Cuál fue nuestra sorpresa, que nos dicen que no tenían ninguna reserva a mi nombre. Después de estar ahí esperando un rato y de haberme pedido el teléfono con el cual se hizo la reserva, vienen y me dicen que la reserva la teníamos apuntada para el 25 de diciembre!! Totalmente surrealista, no me lo podía creer. Nos dicen que esperáramos a que se quedara un hueco en la barra para acoplarnos. Cosa que bajo ningún concepto íbamos a hacer, ya que habíamos reservado a comer sentados en una mesa y no a comer como si estuvieses tomando cañas en la barra. Sinceramente, no nos fuimos porque eran más de la 15:00H y no íbamos a buscar entonces para comer. Menos mal que después de un rato nos pudieron dar una mesa abajo y finalmente pudimos sentarnosEra la primera vez que íbamos a este restaurante y la experiencia no fue la mejor."
2021/11/7,1636239600,family,5.0,Muy bueno,"Un trato muy especial. La cocina era perfecta, todo buenisimo. Íbamos con una persona celiaca y le han ofrecido muchas opciones sin gluten. Para repetir sin duda"
2021/11/7,1636239600,family,4.0,Muy bueno,"Estaba todo buenísimo, muchas opciones sin gluten y buenisimas. Excelente trato de los camareros. Estupendo!"
2021/11/6,1636153200,family,4.0,La Martina,"Excelente trato, calidad y precio razonableEn el centro de Albacete. Recomendable el cordero y el rape"
2021/11/6,1636153200,friends,5.0,Per-fec-to,"Un sitio de 10. Comida excelente y servicio perfecto, siempre atentos. Repetimos en breve porque es recomendable 100%. "
2021/10/27,1635285600,family,3.0,"Bueno, vale","Un comedor organizado como el de un hotel de playa con decoración, realmente decadente no invitan mucho al disfrute gastronómico. Las manchas en la tapicería de las sillas, intolerable. Buena carta con infinitos altibajos. Si bien, todas las entradas son correctas, no se puede decir lo mismo de los platos principales. Que tendencia culinaria siguiere cubrir la paletilla de cordero de pimienta? Que explicación tiene que en una misma mesa las dos raciones de pluma ibérica sean la noche y el día? Donde se ha visto la merluza en salsa verde sumergida en caldo? Bueno, nos salvaron unas botellas de El Vínculo que nunca fallan. Se me olvidaba, buen servicio pero nada homogéneo. Entre el camarero ideal y el olvido constante solo había un plato. No creo que volvamos."
2021/10/18,1634508000,couples,5.0,Cobran servicio de terraza de un 10%.,"El trato recibido fue inmejorable, los camareros son muy profesionales y muy atentos. La comida es realmente buena, todo perfecto."
2021/10/11,1633903200,couples,5.0,Comida de autor espectacular.  Platos elaborados y presentados al detalle. De mis favoritos.,"Unos de los mejores restaurantes de Albacete, comida de autor con una gran calidad de producto y sobretodo una exquisita forma de mezclar sabores y jugar con el paladar. Una gran experiencia. Tuvimos la suerte de conocer al jefe de cocina Javier y en ese momento entendimos que su pasión por la cocina y su carácter se ven reflejados en cada plato. Platos, el pulpo, las famosas bravas, la ensalada, la carne y el postre espectacular. Las salsas de cada plato echas con un gusto exquisito Volveremos si duda!"
2021/10/3,1633212000,family,4.0,Commis muy bien,"El servicio es extraordinario y la comida es maravillosa, el producto es de alta calidad y muy buena cocina .Si bien el precio es elevado es un buen sitio para celebrar"
2021/10/2,1633125600,friends,5.0,Cena muy agradable,"La presentación de los platos exquisita, cantidad de comida adecuada para una cena de modo que no sobre pero tampoco te quedes con hambre. Lo mejor de todo fue el postre de tarta de calabaza, recomendadísimo. Trato en mesa muy bueno también."
2021/9/30,1632952800,couples,5.0,Expectacular,Superó nuestras expectativas que ya eran altas. Muy buena presentación y deliciosos platos. Además el camarero atento en todo momento .  Repetiremos
2021/9/24,1632434400,couples,5.0,Una noche porque sí....Una cena espectacular,"Reservamos por reservar, una cena porque sí, nunca habíamos estado, y desde hoy volveremos a probar el resto de la carta. Un 10 tanto en calidad de la carta como en el trato de los profesionales de la hostelería que trabajan aquí, el sumiller nos recomendó un vino perfecto para la cena. Volveremos."
2021/9/19,1632002400,couples,5.0,LE DOY UN 10,"Fuimos a comer mi marido y yo el viernes y todo ha sido de 10. El sitio precioso, la.comida espectacular y a destacar el buen trato y la profesionalidad de los camareros. Volveremos sin duda."
2021/9/5,1630792800,friends,5.0,Cena improvisada,Fuimos a cenar cuatro amigos de forma casual y me sorprendió tanto la comida como la profesionalidad de los camareros. Viviremos sin duda
2021/9/5,1630792800,none,1.0,Mala política y mal trato,"Fuimos a comer. Teníamos reserva en el comedor en el primer turno. Quién llegó el primero, y antes de tiempo, se sentó en la terraza y pidió una cerveza. Después informó que teníamos reserva dentro pero como se estaba muy bien nos quedaríamos fuera.La respuesta fue que no se puede porque fuera no se reserva. Como solución se dijo que en ese caso cancelara la reserva y que comeríamos fuera. El ""encargado"" comenzó a pedirle datos personales tales como nombre, teléfono y HASTA ¡¡DNI!!, para poner una nota desfavorable por si volvía a reservar.Por supuesto nos fuimos y no volveremos.En resumen: cada local tiene su política, pero en la hostelería si quieres conservar clientes el buen trato es innegociable. Cualquier local de la ciudad con un mínimo de calidad no habría puesto problemas en el cambio de mesa a la terraza (estando vacía como estaba. Igual que el interior) y mucho menos habrían utilizado esas formas.Me queda la duda de si esas malas formas son ""política"" del local o sólo del encargado que había."
2021/9/4,1630706400,couples,5.0,Trato excelente,"El ambiente del restaurante estupendo, un trato excelente por parte del personal y una carta muy variada con platos muy originales como una ensalada con foie riquísima. Muy recomendable."
2021/9/4,1630706400,couples,5.0,Cena de aniversario,"Cocina muy buena, presentación bonita y ambiente luminoso y agradable. Los camareros muy atentos y educados, trato inmejorable. Sin duda Repetiremos!!!!!."
2021/9/4,1630706400,family,1.0,Quiero y no puedo,"El trato del encargado ha sido lamentable y humillante. Había reservado una mesa para cuatro en el interior y quería esperar en la terraza a que llegara la familia. Un encargado maleducado ha dicho que no era posible y ya no sería bien recibido. Ha llegado a coger el móvil para ver datos personales. Al llamar mi mujer a la policía se ha retirado.al margen de eso, el sitio es muy bueno frente a un precioso parque, pero la cocina y el servicio es un quiero y no puedo. No se ha puesto denuncia porque gente así no merece más dedicación. Lamentable imagen de la hostelería de Albacete."
2021/9/3,1630620000,family,5.0,Una comida excepcional,"El servicio es amable y muy rápido, está atento a cualquier detalle. Y la comida es excelente, el pulpo nunca defrauda.Aunque llegues al postre a reventar, no podrás evitar pedir una tarta de queso o de calabaza, un tiramisu o cualquier otro de los postres que ofrece la carta.Se nota que no solo la cocina es buena, sino también la calidad de los alimentos.Sin duda, es un restaurante sin fallo."
2021/8/29,1630188000,couples,5.0,Cocina excelente,Una cena genial. Servicio y cocina excelente. Tenéis que probar las patatas bravas premiadas a nivel nacional.
2021/8/28,1630101600,couples,5.0,Muy buen trato,"Muy buen trato por parte del personal, especialmente Manuel, un chico encantador y muy atento. Somos de Castellón, nos aconsejó hasta sitios de visita en Albacete. La comida increíble y el sitio con encanto."
2021/8/19,1629324000,family,5.0,Excelente,"Excelente , muy buena atención, muy buenas raciones!Fuimos recomendados por una amiga, muy recomendable!"
2021/8/2,1627855200,family,5.0,Imprescindible si pasas por Albacete,"Platos típicos con un toque diferente. Atención a los huevos camperos. Buen servicio, rápido y profesional. Precios más que correctos. Nos lo recomendó una persona que es de Albacete y la verdad que acertó."
2021/7/26,1627250400,friends,1.0,Chuletón inolvidable,"Aún recuerdo aquel nauseabundo olor de ese chuletón de vaca vieja (debía tener 300 años), y sólo costó 90€... Tortitas de camarón con sabor a churros de feria y encima todo ello por un precio desorbitado; no recomiendo este lugar, en Albacete se come mucho mejor y el triple de barato  en otros sitios, el postureo no quita el hambre"
2021/7/15,1626300000,none,1.0,Desprecian a la clientela,"Cené en este establecimiento el 10 de mayo pasado, solicitando una factura legal al acabar la cena. Me informaron que me la enviarían por email. Hasta el 13 de julio no la habían enviado, así que les llamé. Un tal Álvaro me aseguró que para el día siguiente a mediodía a más tardar la tendría en mi buzón de correo. No fue así, por lo que volví a llamar. Me volvió a asegurar que como mucho para hoy 15 de julio la tendría. No me ha llegado nada. Vaya desprecio por la clientela!!!"
2021/7/10,1625868000,none,4.0,"Estupendo con algún ""pero""","Todo riquísimo y con muy buena presentación. El belly pork  delicioso pero le quitaría el picante. Tuve que quitarlo utilizando el pan porque no soporto el picante (debería haber pedido sin salsa picante). La ensalada de cecina, muy rica pero cortaría los trozos de tomate más pequeños, menos cecina y más foie. Las almejas a la marinera, deliciosas, ningún fallo. Las gyozas riquísimas. Lo que no nos gustó nada fue la fritura de pescado. Todos los platos presentados impecables pero la fritura, el pescado cortado demasiado pequeño, por  lo que estaba todo reseco, nada jugoso, puesto en el plato sin ningún tipo de salsa y sólo un trozo de limón. Parecía un plato típico de cualquier bar, pero al menos en los bares te ponen mayonesa o alioli y lechuga. Demasiada cantidad para dos personas, Mi sugerencia, menos trozos de pescado y más grandes (dos trozos de pescado de cada tipo es más que suficiente), que quede jugoso y no reseco. Lo pedimos pensando que sería como he sugerido que es como lo hemos pedido en otros sitios donde estaba super rico y nos llevamos un chasco. En resumen, recomiendo Martina a quien quiera comer platos con presentación muy atractiva y ¡excelentes en sabor, pero para nada me parece correcto la fritura de pescado, sin ninguna elaboración ni nada para acompañarlo, y una presentación que no se corresponde con la del resto de platos.Los camareros sumamente agradables los dos. Atentos a servir los platos en cuanto terminábamos."
2021/6/29,1624917600,friends,5.0,Muy buen servicio por parte de Javier,"La cena espectacular, muy buen servicio.La comida muy buena y bien de precio para el tipo de comida que es.Javier muy amable, y muy educado."
2021/6/29,1624917600,friends,5.0,Cena con amigos,"Muy buena comida y excelente servicio de los camareros, que hacen que la estancia sea muy agradable. Muy recomendable."
2021/6/25,1624572000,couples,1.0,"Decepcionante trato al público en un sitio supuestamente 'elegante""","El estilo y la elegancia de un restaurante no debe medirse solo por la decoración  de sus paredes o el buen sabor de sus platos. La clase y el saber estar del establecimiento se ha demostrado este mediodía.mediante un asombroso hecho. Yo aún no doy crédito: Llamo 10 minutps antes para hacer una reserva, y como no suelen reservar en terraza, realizo la reserva en el comedor. Al llegar, compruebo que hay sitio de sobra en la.terraza sin reservar y le pido al encargado el cambio de mesa, para encontrarnos más seguros al aire libre por el tema de pandemia. Me he quedado estupefacta cuando me ha dicho que no se podía hacer, porque ya había reservado dentro...¡ y la terraza vacía, y sin reservas!!!Evidentemente no pienso volver nunca a este sitio, afortunadamente hay bastantes sitios en mi maravillosa ciudad, donde se puede comer, igual o mejor que en este restaurante y el trato es exquisito. El Callejón, El Asador, El Caldereros, El Don Gil, son testaurantes de muchísima calidad, tradicionales desde hace muchísimos años en esta ciudad, y es precisamente porque cuidan al máximo estos detalles..En fin, con no volver, problema solucionado"
2021/6/8,1623103200,couples,5.0,Una sorpresa,"Un grato sorpresa, Solo de paso en albacete, haciendo noche de camino a madrid.Cocina fusion y original, calidad alta. La verdad no esperabamos tanta calidadEmpleados(alvaro?) Muy profesional.Croqueta de patata brava muy bueno asi como tomate con foi y miel"
2021/6/8,1623103200,friends,4.0,Cena,Un restaurante mui bonito y vistoso La cena espectacular todo riquisimo y la atencion de los camareros Alvaro y fidel fenomenalVolveremos sin duda
2021/6/4,1622757600,couples,5.0,Perfecto!!!!,"Lo mejor de todo, el trato del camarero!! La comida todo un éxito!!! El precio quizás un poco elevado pero en global, merece mucho la pena"
2021/6/3,1622671200,couples,5.0,Muy agradable,"La comida estaba buenísima, los detalles muy bien cuidados y una excelente higiene.El local me pareció muy bonito. El camarero Ángel nos brindó un gran servicio.Repetiría sin duda."
2021/5/29,1622239200,friends,4.0,Bonita cena,Sin duda alguna hay que probar.Nos ha gustado muchoUn bonito lugar para disfrutar de una velada estupenda..La atención ha sido insuperable..Vale la pena un viajecito a Albacete para visitar este lugar
2021/5/21,1621548000,family,5.0,Comida espectacular y atención perfecta.,"Fuimos con la familia a celebrar un evento y la verdad es que me sorprendió lo agradable que fue el trato y lo atento que estaba el chico con todos,y decir que la comida estaba riquísima, destacando el pulpo. Me hubiese gustado decir un pero y no lo consiguieron "
2021/5/19,1621375200,family,5.0,Restaurante 100% recomendable,"Comida moderna, muy diversa y suculenta. Seguimos las recomendaciones de su camarera rubia, trato exquisito, acertó en todo. Volveré pronto y con más gente"
2021/5/10,1620597600,family,5.0,Comida familiar,"Desde los entrantes hasta el postre todo espectacularmente perfecto, la atención, la calidad precio, todo muy cuidado. Recomiendo los torreznos con viera y la vaca madurada."
2021/5/8,1620424800,couples,5.0,Un 10 siempre que vamos.,"El punto fuerte de Martina y en general del grupo Candela para nosotros es el servicio, hemos visitado todos sus restaurantes. Impecable. Llevamos años disfrutando de Martina y no tenemos ni un pero.La cocina muy buena, Javi sorprende con sus platos y luego su elaboración sobre plato es muy buena. Nos sentimos como en casa, Noe ya sabe que tenemos nuestros favoritos ,un pulpo braseado con salsas riquisimo, bahos de costilla, mejillones con salsa Japonesa de Sake, pluma Ibérica .... Y si reservas dentro Alvaro nos recomendó un pescado de temporada que arreglo allí mismo que estaba de muerte..... En general,  para nosotros un 10, tanto por cocina como por servicio."
2021/5/6,1620252000,couples,5.0,A la carta,"Fuimos a comer en la terraza, el lugar es privilegiado y tranquilo. El lomo de orza suave y sabroso, lo mejor el alioli de pimientos. El foie y el pulpo sin palabras.La atencion y el servicio de lo mejor, sin duda una referencia unica en Albacete "
2021/4/29,1619647200,friends,5.0,Sencillamente de 10,"El servicio atento y rápido ,,todo espectacular,,se nota detrás de sus platos un laborioso y cuidado trabajo de elaboración y de calidad del producto.Muy recomendables ls patatas bravas (premiadas en concurso internacional),los baos de costillas y la pluma .Mis felicitaciones al chef Javi Albuger y todo su equipo"
2021/4/29,1619647200,none,5.0,La verdad es que me ha encantado,"La verdad es que me ha encantado todo, servicio, comida y local. Educados y servicialesRepetiré sin lugar a dudas."
2021/4/26,1619388000,couples,3.0,Buen servicio de camareros,"Era la primera vez que acudiamos al restaurante , nos sentamos en la terraza exterior y los primero que no nos gusto es que en un restaurante cuyo cubierto nos salió por 25 euros  con un plato, postre, bebida y café no nos pusieran en la mesa ni un tiste mantel de papel. Compartimos una ensalada, fritura que estaban muy ricas y unos postres que nos resultaron muy normales. Las medidas anticovid muy buenas y los camareros muy atentos."
2021/4/26,1619388000,family,4.0,Lo mejor del día.,"Estuvimos en familia comiendo y nos atendió un chico joven y muy amable. El servicio, la atención y la calidad increíble. Repetiremos sin duda."
2021/4/24,1619215200,family,5.0,Martina,"Me ha encantado, muy buen servicio, y la camarera Noe y Alvaro con mucha profesionalidad y buen trato, un sitio para repetir, volveremos😉"
2021/4/20,1618869600,friends,5.0,"Servicio , atención y calidad","Camareros muy antentos en especial uno llamado Enrique , sirve las cañas como Iniesta un pase , muy buen sitio"
2021/4/19,1618783200,family,5.0,Recomendable 100%,"Amplia carta y gran variedad. Las patatas bravas deliciosas. Croquetas variadas y muy buenas. El rabo de toro muy bien cocinado, sabroso y tierno. Los postres de escándalo. La atención y servicio recibido por Lorena de 10! Volveremos"
2021/4/18,1618696800,couples,5.0,Lugar para repetir,"Las dos veces que hemos estado, una en cafetería y otra en restaurante, han sido inmejorables. El trato por parte del personal fue muy cordial y la calidad de cada plato es inigualable. Destaco entre mis platos favoritos los torreznos con tartar de vierias y alioli de mango, y las bravas premiadas que nos recomendó el camarero. Una locura al paladar y deseando repetir."
2021/4/17,1618610400,friends,5.0,Cena,"Un ambiente muy elaborado. La comida abundante y de calidad, las brasas son un puntazo. Sin duda el trato de los camareros te hacen sentir en casa. "
2021/4/12,1618178400,couples,5.0,Súper comida,"Fuimos a comer por la buena fama de las patatas bravas y al probarlas corroborados que la fama que tienen es poca para lo buenas que están, repetiremos!!, el servicio genial, nos tocó un camarero llamado javi que es un encanto y supercorrecto a la hora de dirigirse a nosotros. Buenísima la experiencia volveremos!"
2021/4/11,1618092000,none,4.0,Un local cuidado,"Alguien que se preocupa de los sentidos de la vista y del oído, además del gusto, merece un reconocimiento. Recomendable."
2021/4/9,1617919200,family,5.0,Mejor restaurante de Albacete,"Mejor restaurante de Albacete sin duda. Llevo yendo desde su apertura y cada vez me gusta más. El servicio es incomparable y además la cocina espectacular. Siempre pedimos cosas distintas. En nuestra última visita probamos la pasta y nos encantó. Los baos ÚNICOS, las carnes a la parrilla y pescados muy muy buenos. "
2021/4/7,1617746400,friends,5.0,Visitar Martina es un placer ,Es todo un placer visitar el Restaurante Martina. Tanto por la calidad del producto como por la atención que prestan a sus clientes. De los mejores restaurantes de Albacete. Totalmente recomendable. 
2021/4/6,1617660000,friends,5.0,Calidad a buen precio,Cocina muy buena y muy amables todos los camareros. Amplia carta con variedad de platos. Muy recomendable
2021/4/6,1617660000,family,5.0,De lo mejor en Albacete,Sabores familiares con un toque innovador. De mis lugares favoritos en Albacete tanto por la comida como por el buen trato de los camareros a destacar Sebastián nuestro camarero de esta noche.
2021/4/3,1617400800,family,3.0,Cristian y Noelia que espectaculares un servicio muy bueno ,"Las camareros Cristian y Noelia muy buenos y atentos La comida buena, algunas cosas menos pweo será mi gusto personal "
2021/4/3,1617400800,friends,5.0,Una perra sorprendente,Muy buen servicio siempre. Recomendable 100%.Con un reservado Perfecto para grupos. Muy bien sonorizado
2021/4/3,1617400800,couples,5.0,Una comida para repetir,"Salón bonito y acogedor,con camareros profesionales,serviciales y atentos. Comida muy buena,en especial el pulpo."
2021/4/3,1617400800,couples,5.0,Sitio para repetir,"Atendido por Noelia, q demostró un trato cercano y profesional indicándonos, en todo momento, los platos a elegir, servicio exquisito y comida de 10,en relación calidad precio!!!"
2021/4/2,1617314400,friends,5.0,Mágico,"Ambiente ideal, distendido pero elegante. Aperitivos a la altura del local. Una pasada. Volveremos!!"
2021/4/2,1617314400,couples,5.0,Sitio agradable,"Recomendaría este sitio sin dudarlo, buena comida, buen trato, buenos precios.Muy buena calidad de productos utilizados en los platos."
2021/4/1,1617228000,friends,5.0,Amigos,"Muy buena comida ,buena calidady un trato excelente de todo el personal ,recomendado y seguro repetiré 😁"
2021/3/30,1617055200,couples,5.0,Comida de escapada,"Un lugar excelente con un ambiente muy relajante. La comida excepcional, muy recomendable el pulpo a la brasa. Seguro que volveremos!!"
2021/3/29,1616968800,family,5.0,Comida de 10,"Un sitio para comer, cenar, o para tapear espectacular! Un 10 al cocinero y una atencion increíble por parte de los camareros!Unas bravas exquisitas, el pulpo riquísimo y los mejores pan baos que he probado. El coulant de chocolate blanca una maravilla a quien le gusto el dulce, el  del mundo vamos!!!"
2021/3/29,1616968800,friends,5.0,Cena,"Céntrico. Comida de calidad, variada y con toques novedosos. Para repetir sin ninguna duda!!Muy amables."
2021/3/28,1616886000,family,5.0,Comida de cumple en un sitio inmejorable,"Noelia un encanto, muy profesional y atenta. La comida exquisita, sabores diferentes y muy buena calidad. Javi de cocina un gran profesional de los fogones. Siempre un placer venir."
2021/3/27,1616799600,couples,5.0,Inmejorable,Christian y Sebastián realizan siempre un servicio muy bueno. La cena increíble como siempre. Súper recomendable🖤
2021/2/19,1613689200,friends,3.0,Caro para lo que dan,"Nos sentamos tres amigos a mediodía en la terraza a tomar unas cañas,y ya continuamos comiendo.Lo primero que hay que decir, es que el servicio es muy bueno, muy profesional.Las tapas correctas, la ración e jamón ibérico de 24.80, escasilla, no sé si habría 40 gr...Y la carne de vaca(35.90€) que pedimos al punto, la pasaron de más...una pena.En resumen, caro para lo que dan."
2020/11/26,1606345200,none,4.0,Buena carta acompañada de,"Buena carta acompañada de buen servicio. Los baos geniales, atún marinado con tomate muy recomendable. "
2020/11/13,1605222000,couples,5.0,Un gran descubrimiento positivo ,"Se ha convertido en uno de mis favoritos en Albacete:Magnífica carta, excelente ubicación, amabilidad en el servicio y un nivel de precio adecuado a lo que te ofrecen.Muy, muy recomendable "
2020/11/8,1604790000,none,5.0,Excelente,"Comida muy variada, trato excelente y muy buen ambiente. Gran variedad de vinos tanto blancos como tintos. En general un 10"
2020/10/31,1604098800,couples,1.0,Hay clases y clases... Es una pena pero en este sitio así es,"Tras esperar 40 minutos para sentarnos, observamos sorprendidos como un señor y una mujer mayor sentados en una mesa  se separan para ocupar el lugar que debería haber sido el nuestro con el consentimiento del personal, imaginamos que clientes ""VIP"". Durante otros 30 minutos intercambianose la mesa entre estos dos personajes y hablando entre ellos por movil mientras tanto comensales como  las personas que estamos esperando no damos crédito, al preguntar cuál es nuestro turno nos dicen que faltan dos mesas cuando éramos los siguientes. Efectivamente nuestra mesa se la dan a los conocidos de estas personas. Resumiendo nos han hecho espera  más de una hora para ver cómo nuestra mesa se la dan a clientes VIP que tienen a la abuela y al otro señorito ocupando sitio.Especial mención a la abuela chupándose los dedos al comer frutos secos y tocando sillas y mesas sin que nadie le diga ni limpie nada, "" protocolo covid nivel 10"". Desde las 14:00 hasta las 15:30 esperando para ver qué nos tenemos que ir a casa a comer. El tiempo de espera era de 20 minutos que se hubieran cumplido sino se hubiera consentido este comportamiento y falta de respeto. Por si acaso me responden mi  respuesta sería que espero que traten mejor a los clientes o por lo menos de forma más sincera avisando que hay personas que tienen privilegios respecto a otras."
2020/10/31,1604098800,friends,3.0,Genial,"Como pega decir que no permiten pedir las tapas de barra en la zona de restaurante y no nos ha agradado,deberían planteárselo xq nos gustan mucho"
2020/10/26,1603666800,friends,4.0,Descubriendo lugares,"Tras realizar una búsqueda de los restaurantes recomendados para comer en Albacete por esta aplicación dimos con Martina. La carta, recomendaciones e imágenes prometían un buen lugar y, efectivamente pudimos comprobar que estos eran certeros.El lugar mezcla tradición con modernidad para crear platos con gran cantidad de sabores y matices, los cuales eran explicados en todo detalle por su personal amable y atento.Adjunto las fotos de la comida que tomamos, la bebida, así como de la cuenta para que se advierta la buena relación calidad-precio.Faltan las imágenes del postre, casero por cierto, ya que en cuanto llegó a la mesa nos avalanzamos sobre él y es que nos perdemos cuando vemos una buena tarta de queso sobre la mesa.En definitiva, sitio recomendable, personal excepcional y lugar con encanto tropical.Repetiremos seguro para probar otros platos."
2020/10/24,1603490400,friends,5.0,Volveremos a repetir,"Restaurante súper bueno la atención perfecta, los platos súper buenos, y muy bien presentados, bastante variedad de platos y todos prometian el sitio súper agradable en sí nos ha encantado, volveremos a repetir sin duda"
2020/10/18,1602972000,friends,5.0,"Gracias, excelente servicio","Gracias por todo, especialmente a Cristóbal nuestros mesero, si atención fue en todo momento incomparable. Felicidades por su atención. Gracias"
2020/10/17,1602885600,couples,5.0,Rozando la perfección...👌🏾,"Ya cuando llegas a la entrada, sabes que se cuece algo importante... Bonita decoración, súper bien ambientado y trato exquisito a la llegada...Todos los platos espectaculares! La presentación de cada uno de ellos es única, y la bomba de placer que hace en el paladar te dejas sin palabras...Tuvimos el placer de conocer a Alvaro, el director de sala, y me di cuenta al instante de lo gran profesional que es... Nos desinfectó la silla antes de sentarnos, y en cada plato, nos daba una clase magistral de la elaboración y sus ingredientes...Sin duda, uno de los mejores sitios de Albacete.Repetiremos experiencia!"
2020/10/12,1602453600,family,5.0,Excelente Restaurante,Muy buen servicio.La comida espectacular y de calidad.El pulpo a la brasa muy recomendable.Volveremos seguro.
2020/10/12,1602453600,couples,5.0,Buen servicio y muy buena comida,La primera vez que venimos y nos ha encantado. Muy bueno y muy bien atendidos. Volveremos para probar más cosas de la carta.
2020/10/10,1602280800,couples,5.0,Una cena exquisita,"Un lugar agradable, personal (Javier y Tina) muy atento y una comida ... ¡para chuparse los dedos! Todo genial. Si volvemos a Albacete repetimos seguro."
2020/10/9,1602194400,business,5.0,¡Excelentísimo! Nos ha encantado,"¡Excelentísimo! Nos ha encantado el encanto que tiene el restaurante, la comida exquisita y el servicio inmejorable.¡Volveremos seguro!Muy pero que muy recomendable."
2020/10/4,1601762400,friends,3.0,A la carta,"De primeras puntualizar que es un buen restaurante con un trato correcto, lo que no me puedo creer es que tras ser un lugar que visite en más de 6 ocasiones me enterase el otro día que tiene dos cartas en función de la parte del restaurante en la que te sientes...yo voy preferentemente a este sitio porque me encanta su pan bao con cangrejo de cáscara blanda, el cual está impresionante...tras ir con unos amigos me siento en la parte de arriba, ya que éramos 8 personas y mi sorpresa al pedirle a un camarero un pan bao antes mencionado me dice que es imposible tras insistirle en varias ocasiones y no dio su brazo a torcer y no me lo quisieron servir...creo que una persona que va a un restaurante en medida de lo posible la gerencia deberia satisfacer al cliente...pero bueno espero le dé una vuelta a estos temas que carecen de sentido..."
2020/10/3,1601676000,couples,5.0,Excelente,De los mejores sitios de Albacete!Increíble la cocina. Tiene una carta muy variada con comida exquisita. El trato de los camareros muy atentos. Cumple todas las medidas covid19!
2020/10/3,1601676000,none,5.0,Muy bien atendido y decorado,"Todo el establecimiento está decorado con mucho gusto y muy moderno. El camarero que nos atendió fue muy atento y servicial y el desayuno bastante completo, además de muy bien de precio."
2020/10/2,1601589600,family,5.0,Cena estupenda,"Platos deliciosos, ambiente estupendo en un entorno perfecto. Los camareros muy amables y el servicio de calidad. Volveremos."
2020/10/2,1601589600,friends,4.0,El trato es excepcional,"El trato es excepcional, el ambiente muy bueno y la comida estupenda!Lo único que no nos gustó mucho es la oreja, la presentación está bien pero esperábamos mejor el sabor.No obstante, quedó mucho por probar y sin duda repetiremos."
2020/9/29,1601330400,none,5.0,Muy recomendable,"Un sitio de una calidad muy alta y a unos precios moderados, el trato de los empleados de autenticos profesionales, educados, atentos y muy amable, nos sirvió Javier muy atento y amable y también hablamos con Alvaro super profesionales, una nota alta"
2020/9/29,1601330400,family,5.0,Excelente,"Excelente el trato y los platos de este restaurante , lo buscamos por internet y estaba al lado del hotel donde nos alojamos lo cual nos dio comodidad, nos sorprendió la limpieza y los cuidados extremos con el covic , sus platos riquísimos y muy bien presentados , el cordero lechal lo recomiendo , riquísimo y el trato de 10 . Muy recomendable"
2020/9/23,1600812000,family,5.0,Lo mejor de Albacete,"Mi lugar favorito en Albacete, tanto como para empezar el dia con un buen café por la mañana o como para acabar con unas cañas y una buena cena"
2020/9/23,1600812000,family,5.0,Recomendable,"Muy buen servicio por parte de la camarera Mikaela, los platos muy ricos y una presentación estupenda! "
2020/9/19,1600466400,couples,5.0,Diferente pero muy bien,Un sitio diferente si lo comparas con otros sitios de la ciudad de Albacete y alrededores. Los platos tienen una presentación muy buena y los sabores suelen estar fuera de lo que estás acostumbrado. Los camareros son muy atentos y agradables. Y lo mejor es que te saben explicar los platos con mucho gusto y entendiendo lo que están diciendo.Un sitio ideal para celebrar algo especial sin duda.
2020/9/19,1600466400,family,5.0,Deliciosa experiencia gastronómica,Gran calidad y variedad de platos. Buena relación calidad precio.Difícil elección porque todo está muy rico. Recomiendo pluma ibérica y shitakes. El coulant de chocolate negro es exquisito.
2020/9/19,1600466400,friends,5.0,Comida,"Excelente como siempre, buena comida, servicio rápido y Noelia un encantó como siempre. Recomendable 100%.Siempre un gran acierto."
2020/9/18,1600380000,couples,5.0,Martincular,"Fuimos a cenar y no pudimos salir más contentos. Cenamos genial, pedimos el lomo de orza, el tataki, los huevos rotos con camarones, el torrezno con vieras y de postre, el coulant de chocolate blanco. La cantidad era generosa para ser un restaurante y los platos buenísimos. Además la atención fue excelente, a nosotros nos atendió sobretodo Álvaro."
2020/9/18,1600380000,family,5.0,Buen restaurante,Muy buena comida servicio excelente y bonito restauranteLo recomiendo en Albacete ciudadTodo genial
2020/9/15,1600120800,family,1.0,No me gusta,"El antiguo Restauante La Taberna fue sustituido por el actual La Martina. Pese a ser de la zona nunca la había visitado, y después de ir una noche a cenar,  confirme  el porque no habia ido nunca. No me gustó nada, platos con poco estilo, canuflados con salsas nada apetecibles, súper caros y para colmo cobran servicio de terraza ( fueron casi 5 euros)"
2020/9/14,1600034400,couples,5.0,RECOMENDABLE 100%,"Cena en pareja excelente. Platos clásicos con toques modernos, comida que se sale un poco de lo que estamos acostumbrados en la zona. Todo estaba buenísimo, los tiempos de espera fueron correctos y el trato de los camareros fue genial, ya que estuvieron atentos en todo momento. En cuanto a calidad-precio: aceptable (se sube algo de precio, pero por qué el producto es de mucha calidad)."
2020/9/14,1600034400,friends,1.0,Cena en terraza con cargo de servicio en terraza," Primera vez que me cobran (3,10 €) por servicio de terraza . La cifra además no se sabe en base está calculada: mesa?comensal? "
2020/9/11,1599775200,family,5.0,Servicio inmejorable,Acabamos de cenar aquí. La comida muy muy buena y el trato excelente. Muchas gracias a Mikaela y Noelia por vuestro servicio y las recomendaciones. Para repetir.
2020/9/2,1598997600,none,5.0,Muy bueno,"Fuimos a cenar con unos amigos. El servicio fue excelente,  la comida buenísima y buen ambiente. Recomendable sin duda."
2020/8/24,1598220000,couples,5.0,Excelente experiencia.,"Fuimos  a cenar a la sala interior y la verdad nos sorprendió gratamente su carta , calidad del producto y la atención. Javier nos atendió a la perfección y el precio acordé con lo servido . Totalmente recomendable."
2020/8/21,1597960800,couples,5.0,Buena atencion y excelente cocina,"La atencion y orientacion con la carta muy profesional y trato amable y cercano.La cocina muy buena, sin lugar a dudas lo recomiendo y repetire"
2020/8/19,1597788000,couples,5.0,Buenísima atención y cocina,"Fuimos a celebrar nuestro aniversario de bodas. La cocina es muy buena, variada y selecta. Y la atención espectacular, nos atendió Álvaro, un chico súper amable, preparado y conocedor de la cocina que se ofrece. Sin duda recomiendo el sitio."
2020/8/18,1597701600,family,5.0,Muy buen trato y excelente la comida ,Muy buen trato y excelente calidad en la cena... ha sido un rato muy agradable en el comedor y muy bien atendidos.. repetiremos 
2020/8/18,1597701600,family,5.0,Cena en familia ,"Cena en familia en un ambiente muy agradable.Todos los platos fueron excepcionales, un sabor muy muy bueno (no parecen todas las fotos, ya que no llegaron a foto, se comieron antes).Trato por parte del personal excepcional, ni una pega, muy buenas recomendaciones y un servicio de 10.Sin duda volveremos =)"
2020/8/18,1597701600,family,4.0,Una experiencia muy agradable,"Es un restaurante elegante, con muy buena decoración, buen producto, buena cocina y precios razonables. Me parece una opción excelente en la ciudad.Seguro que volveré."
2020/8/17,1597615200,couples,4.0,Comida en pareja,"Muy buena experiencia. La comida genial, sobre todo el pulpo... El trato de los camareros excelente. Volveremos seguro!!!"
2020/8/17,1597615200,couples,5.0,Por recomendación y muy acertado,Fuimos por recomendación de un amigo y de oídas y la verdad la experiencia gastronomica ha sido como diría Fangoria... espectacular. Precios muy asequibles a corde con la calidad. Y el servicio excelente.
2020/8/15,1597442400,family,5.0,Maravillosa experiencia,"No es la primera vez que venimos y nunca nos defrauda. Cocina y productos de calidad, servicio irreprochable (gracias a Álvaro y Javier) en un marco muy cuidado. Además, respetan las normas de seguridad anti covid. 100% recomendable!"
2020/8/12,1597183200,couples,5.0,"Agradable, actual y de calidad!","Agradable, actual y de calidad! Hemos venido en varias ocasiones, es un restaurante muy moderno, con varios ambientes, interesantes cada uno de ellos. A disfrutar!!! "
2020/8/1,1596232800,couples,5.0,Espectacular!,"Nos encanta este sitio, junto con el Jimena (del mismo grupo), nuestros restaurantes favoritos de Albacete sin lugar a dudas. Todo siempre riquísimo 😋 y con un trato de 10. Y con la nueva decoración ha quedado precioso!! 😍"
2020/7/20,1595196000,family,4.0,Siempre genial! ,"Voy muy a menudo a comer y cenar a la Martina y por eso lo recomiendo totalmente! El servicio siempre es muy bueno y la relación calidad precio genial. Y ahora lo más importante... La comida! Siempre buenísima! Recomiendo los pan bao, camarones con huevos, wok de verduras, alcachofa con crema de queso, pulpo, torreznos, tortitas de camarones...vamos que todo lo que he comido está genial. Sí que es verdad que el bar es mil veces mejor que el restaurante, el cual no recomiendo ya que la carta es más escasa y no hacen excepciones. "
2020/7/16,1594850400,none,5.0,Una auténtica delicia,"La comida es absolutamente espectacular, el trato muy muy bueno, te hacen sentir como una reina y el precio muy asequible. Todo un placer ir allí a comer, cenar o una caña mirando los arbolitos del parque. Un 10 de 10."
2020/7/13,1594591200,couples,5.0,Genial,El camarero ha estado muy atento en todo momento y la comida exquisita. Hemos salido muy contentos de nuestra primera visita.
2020/7/9,1594245600,business,5.0,Comida satisfactoria,"Muy buen servicio, Ángel, y gran materia prima... un cordero, por ejemplo, en su punto.Da gusto, saben lo.importante para satisfacer al cliente, pero hay que dejarse asesorar.Estuvimos hasta tarde con unas copas sin prisas ninguna"
2020/7/6,1593986400,couples,4.0,Fantastico!,"Un ceviche bueniisimo. La oreja lacada de estrella michelín y el foie exquisito. Volveré, sin duda. Muy buen trato en general."
2020/7/2,1593640800,couples,5.0,Dale un gusto a tu paladar,"Comida original, diferente y exquisita. Personal atento y pendiente de todos los detalles.Recomendable 100%"
2020/6/22,1592776800,couples,4.0,Muy recomendable,"No lo conocía y me ha sorprendido. Los platos muy elaborados y ricos. Limpieza y el camarero Paco muy atento y profesional. Muy recomendables todos los platos,  rabo de toro, alcachofas...."
2020/6/21,1592690400,friends,5.0,Experiencia espectacular!!,"Experiencia espectacular!!Restaurante totalmente adaptado a la actualidad, cumpliendo las rigurosas medidas de higiene.Fue una cena de amigos, donde varios de ellos fue la primera vez que iban y estoy seguro de que no será la última, les ha encantado!!Comida de calidad y un servicio excepcional! "
2020/6/19,1592517600,friends,5.0,Primera salida después del confinamiento,"Muy buena experiencia como tantas otras veces! Trato y servicio inmejorable, sobre todo por parte de Paco, gracias por Darnos este rato tan agradable y bueno en estos momentos tan extraños en los que vivimos! En todo un 10, La comida y el precio totalmente recomendable."
2020/4/13,1586728800,friends,2.0,Mala atención al cliente,"Llamé a reservar mesa para una cena con amigas, el que me cogió el teléfono me respondió de mala gana, y después de pedirle si podía ver el menú en internet o si me lo podía proporcionar me contestó que ya se pondria en contacto si su jefe le diera permiso para ello. Ni me volvió a llamar para decirme si si o si no, ni me atendió con la suficiente educación. Sinceramente han perdido una clienta potencial."
2020/3/2,1583103600,none,4.0,ESPECTACULAR,"Cumplió totalmente mis expectativas, me habían hablado muy y así fue, comida excelente y muy trato de los camareros, seguro que volveremos."
2020/3/1,1583017200,none,5.0,Cena de San Valentín,Platos elaborados y de buena calidad. Personal muy agradable. Precio acordé al tipo de elaboraciónes. Volveré.
2020/3/1,1583017200,none,4.0,Repetiremos sin duda,Local muy agradable con servicio extraordinario. La carta amplia y moderna mezclando sabores tradicionales con innovaciones. Repetiremos sin duda
2020/2/29,1582930800,none,4.0,"Cocina chanante, chanante ","Todo bien. Buenos vinos. Local agradable. Servicio correcto. Unos huevos con camarones muy ricos, un pan bao de costillar espectacular y unos torreznos algo secos pero que entraron. Postre de calabaza que no. Por 15-20€ cena digna con tu vino. Volverías? Gran referencia "
2020/2/16,1581807600,couples,5.0,Comida espectacular,"Tanto la comida como la presentación, han sido inmejorables. Todo estaba buenísimo y la atención del personal, intachable. Es cierto que es un restaurante que sale un poco de lo habitual en cuanto a precio, si lo comparamos a otros restaurantes de la ciudad, pero si sopesamos la calidad y la cantidad,un 10. Tienen una parte de la carta, de comida japonesa, que os recomiendo 100%. El pulpo con arroz negro, buenísimo. Desde luego que repetiremos."
2020/2/11,1581375600,couples,5.0,Agradable sorpresa,"Cena en pareja, restaurante de estilo clásico en su servicio pero con una carta moderna y muy acertada, precio justo, se le añade su situación céntrica y con facilidad de aparcamiento público en la misma puerta. Todo un acierto."
2020/1/22,1579647600,friends,5.0,Al lado del Sercotel Los Llanos,"Muy buena calidad y atención perfecta. Salimos del hotel y no sabíamos donde cenar. Justo al lado, echamos un vistazo y probamos. Ambiente muy agradable, muy buena comida y atención excelente."
2020/1/19,1579388400,couples,4.0,Todo un acierto,"Restaurante decorado con mucho gusto, personal muy amable y comida deliciosa bien emplazada.Fuimos a comer en pareja el domingo y degustamos la alcachofa con crema de queso manchego y langostino en tempura y el tataki de atún templado. Seguimos con el bacalao a la brasa y acabamos con un tiramisú.Junto a los cafés nos invitaron a unos Miguelitos de chocolate blanco muy ricos.En la carta ofrecían también ensaladas, arroces, pescados y carnes.Recomendable!!!"
2020/1/18,1579302000,couples,5.0,Volveremos,Trato excepcional y platos con muy buena presentación y riquísimos. Cenamos de maravilla.Volveremos!!
2020/1/12,1578783600,family,5.0,Muy bueno,Un trato excelente y una comida perfecta. No tuvimos ningún problema en nuestra última visita. Recomendado
2020/1/1,1577833200,family,5.0,Volveremos,"La comida espectacular, el servicio un 10, el camarero Jesús muy atento a todo lo que le hemos pedido, muy servicial y súper amable."
2019/12/30,1577660400,none,4.0,Carta completa y comida muy buena,"Estuve cenando un fin de semana de Diciembre con reserva en la zona del restaurante, donde los camareros nos trataron genial en todo momento. Nos aconsejaron sobre los platos a elegir y fue todo un acierto porque el lomo de orza estaba buenísimo y el pulpo increíble, los mejores que he comido; el solomillo con patatas Martina, estaba demasiado salado; los postres eran tiramisu y coulant de chocolate blanco y estaban muy buenos. Para terminar, por cortesía nos pusieron dos miguelitos de chocolate blanco.¡Repetiremos!"
2019/12/30,1577660400,couples,5.0,Buena cena tranquila,"Comida muy buena, en especial sus patatas. Nos quedamos en la zona de bar, aunque tiene espacio para restaurante. Nos gustó mucho!  "
2019/12/30,1577660400,family,4.0,Estupendo,"Nos ha parecido un restaurante con una comida espléndida , muy buena atención . Calidad/precio buena"
2019/12/29,1577574000,family,4.0,Buen servicio y carta,Fuimos en familia y todos contentos. El local muy agradable. El servicio correcto. La carta variada con una parte oriental.Precios correctos acordes al servicio y platos
2019/12/29,1577574000,couples,5.0,Merece la pena,"Merece mucho la pena ir a este sitio, todo lo que probamos estaba muy bueno, comida diferente con productos de siempre. La atención muy correcta y buena relación calidad/precio. Volvería sin dudarlo. "
2019/12/29,1577574000,friends,4.0,Para repetir,"Es la segunda comida de Navidad que hacemos los amigos. A destacar el saloncito privado para grupos grandes y el fantástico trato de nuestro camarero (Alfonso), muy competente. En cuanto a los menús de Navidad, volvimos a repetir también, buen maridaje de la tierra (Villarrobledo) y ricos alimentos. Los postres deliciosos (tiramisú y coulant de chocolate). Probablemente repitamos!!!"
2019/12/27,1577401200,couples,5.0,Hemos estado muy a gusto comiendo,Hemos estado muy a gusto comiendo en la barra porque no habíamos hecho reserve. El camarero muy amable y atento. Plato de la semana (Guiso de costillas) “como el que hace una madre”. Y las tapas y ensaladas de cine. Sin duda hay que venir cada poco tiempo para no olvidar su cocina. 
2019/12/19,1576710000,friends,5.0,Una cena estupenda,"Todos los platos buenísimos, sobre todo las cocochas de bacalao.Por no hablar del trato, increíble."
2019/12/10,1575932400,friends,3.0,No cumplió mis espectativas,"Teníamos reserva y cuando llegamos, el pan y el aperitivo ya estaban sobre la mesa, detalle que no nos gustó. La atención es muy buena, los camareros son muy amables y conocen perfectamente la carta. Si tienes alguna alergia, te dan toda la información, sin tener que preguntar en cocina; además la carta está perfectamente detallada con todos los alérgenos. Disponen de pan sin gluten que te hornean al momento. Son muy profesionales y agradables. El servicio impecable. No podemos decir lo mismo de la comida. El pulpo, riquísimo!! Y los torreznos con tartar de Vieira muy jugosos y sin aceite. Muy recomendables. Pedimos también tuétano y huevos con camarones, que estaban sosos los dos platos. Las cocochas al pil pil, con la salsa sin terminar... Demasiado clara... Los segundos que pedimos, salieron fríos... Y demasiado escasos para lo que esperas, parecen de menú. La merluza, parece de hospital, y el solomillo muy pequeño. Es una pena porque esperábamos más. Tendremos que volver a la parte de la cafetería a probar las tapas, pero la carta nos decepcionó un poco."
2019/12/7,1575673200,friends,5.0,Maravilloso restaurante,"Hemos comido varias parejas con niños en el reservado. Buenísimo todo, destacar tataki de atún y rodaballo.Nos ha atendido Jesús, con un trato de lo más profesional que he podido encontrar en hostelería."
2019/11/23,1574463600,couples,5.0,De lo mejor que encontrarás en Albacete,"Restaurante con una carta original y asequible, tratando muy bien el producto, con productos de calidad y un servicio agradable, cercano y excepcional, del cual, aprovecho para dar las gracias a Jesús y Noelia por su atención y profesionalidad. Solo en mi opinión puedo poner un ""pero"", y es que debería tener en carta o por copas algún vino más de la DO Jumilla, los cuales están en auge y sobre todo habiendo localidades de la provincia de Albacete pertenecientes a esa DO, como Fuentealamo, con marcas como Mainetes y Señorio de Fuentealamo que son excepcionales en su relación calidad precio, con vinos afrutados y crianzas acordes al buen estilo del restaurante."
2019/11/23,1574463600,family,4.0,Buen servicio y un producto de 10/10,"Es un restaurante bastante acogedor, con un equipo de sala muy atento y una oferta gastronómica más que remarcable. Perfecto para ir en familia, con amigos o de comida de empresa."
2019/11/17,1573945200,none,5.0,SOFISTICADO Y EXQUISITO,Restaurante moderno con una atención muy profesional y mucha amabilidad por parte del personal.Comida novedosa y muy rica.
2019/11/17,1573945200,none,4.0,Buen sitio de tapeo,Fuimos a cenar en la barra y la verdad es que la mayoria de las tapas estan bastante decentes. Es buen sitio para tapear. Aunque en Albacete los hay mejores
2019/11/14,1573686000,business,2.0,Lo que mal empieza,Pido la carta elijo un plato llamado Tosta de astral Tártar y tras decirme que si aparece otro camarero y ese plato no se puede pedir fuera de un menú  mirad la foto y ayudarme a encontrar esa advertencia ...
2019/11/10,1573340400,family,4.0,"Buena comida, aunque muy lentos","La comida estaba buena, el trato bien y la carne espectacular (paletilla de lechal a la brasa).No obstante, fueron muy lentos entre plato y plato"
2019/11/1,1572562800,friends,5.0,Simplemente excelente. Una opinión de Pepe Pina.,"Comida muy buena, profesionalidad excelente y sobretodo un trato humano más que excelente.Estuve en una cena el 25/10/2019 y todo estuvo muy bien: el servicio, la comida y, especialmente, el excelente trato a mi esposa por parte del personal del local cuando necesitó ayuda por un problema personal. Gracias de todo corazõn!"
2019/10/16,1571176800,couples,5.0,Excelente restaurante céntrico en Albacete ,"Llegamos de Murcia  buscando un sitio para comer por el centro, y descubrimos este sitio que está muy bien, con vistas al jardín Abelardo Sánchez, pedimos para comer 2 personas: tataki de atún, pan Bao de cangrejo, 2 croquetas de jamón y solomillo de ternera con patatas Martina, acompañado de 2 cervezas Sin.Las platos estaban buenísimos, cantidades correctas y la atención del camarero y los tiempos para servir los platos eran perfectos.Nos llevamos muy buena sensación del sitio, del personal y también del precio, que está contenido por la alta calidad del servicio y su ubicación.Sin duda lo recomendamos y volveríamos a ir.Aquí os dejo fotos."
2019/10/15,1571090400,none,4.0,UN ACIERTO SEGURO.,"Suelo ir a cenar con relativa frecuencia. Tienen una excelente cocina, de la que recomiendo el tataki de atún. Y el personal educadísimo, tanto Fidel como el jefe de sala Álvaro, que pese a su juventud es un gran profesional. Tienen una muy buena carta de vinos y la limpieza y pulcritud es digna de encomio.Lo recomiendo sin ningún género de dudas. El precio, acorde con el servicio."
2019/10/4,1570140000,none,5.0,Un gran sitio en una ubicación privilegiada,"De los mejores restaurantes de Albacete en una zona muy céntrica, ideal para tomarte después una copa. Aparentemente por fuera parece una cafetería, pero tienen cocina y se come MUY bien. Mención especial para las croquetas que pedimos y el entrecot. Además el camarero que nos atendió (Jesús) muy atento y muy agradable. Sin duda me han dado motivos para repetir. Muy recomendable "
2019/9/1,1567288800,couples,4.0,GRAN FUSION DE SABORES,Reservamos para comer. Buena atención y servicio excelente. A destacar el bloc de oreja lacada con puré de patata y los Petazetas. Sin duda una experiencia para repetir. 
2019/8/30,1567116000,none,5.0,De lo mejor que he visto en mucho tiempo,"Siempre estoy tan encantada con este lugar que no se ni por donde empezar: la decoración, el trato profesional y amable de los camareros, la calidad optima de la comida, su hilo musical, sus aseos limpios...¡es una maravilla de restaurante!He ido varias veces con mi pareja, familia y para ""impresionar"" a un amigo que venia de fuera y es que es un acierto seguro. Todos sus camareros son muy amables, conocen la carta a la perfección y son educados, correctos y encantadores. Destacar sobre todo al señor FIDEL, porque fue un camarero excepcional que nos recomendó un buenisimo vino de la tierra, y nos explico con todo lujo de detalles cada plato.En cuanto a la comida un 10 para cocina....¡que rico todo! Las alcachofas con langostino, los torreznos, las tortitas de camarón, el pulpo a la brasa con sus salsas (eso es espectacular), el ceviche, las croquetas, el pescado, la pluma ibérica....todo lo que uno se pida es buena elección.Maravillada con este sitio. ¡Gracias por tratarnos tan bien y por ser tan geniales! Ojala que os vaya asi de bien siempre porque es GENIAL :)"
2019/8/23,1566511200,family,4.0,Cocina moderna y de calidad,Fui a cenar con mi familia por un cumpleaños y a todos nos gustó mucho. Para recomendar y para repetir. Belly pork y ostras exquisitas.
2019/8/22,1566424800,family,5.0,Impecable,"Hemos ido mi mujer y yo con mis dos hijos. Tenían trona y un sitio bastante amplio. Camareros muy simpáticos y atentos en todo momento. Aseos muy limpios y lugar acogedor.En cuanto a la comida es la segunda vez q vamos. Hemos pedido esturión con cítricos, huevos con chanquetes, oreja lavada con puré de manzana y pluma. Todos los platos espectaculares (elegimos mejor q la primera vez), por poner una pega pondría mas cantidad en el de oreja ( aunque no hoy por que hemos salido rodando). De postre tarta de calabaza y ocupantes de chocolate blanco. Regalo miguelitos de chocolate. Dos bebidas por persona. En total 66 euros.Dejo fotos, seguro q volvemos."
2019/8/19,1566165600,friends,2.0,Muy caro para lo que ofrece,"El servicio es amable y atento (aunque con demasiada prisa por quitarte el plato en cuanto engulles el último bocado) y el espacio es acogedor y confortable. Además tiene una buena carta de vinos. Sin embargo, la comida es escasa y con pretensiones. Por ejemplo en la carta anuncian anchoas doble cero que no son tales (ni se acercan), el ceviche está a medio hacer (el aceitillo está muy bueno para mojar pan, pero el pescado, además de escaso, no lo ha tomado) y el pilpil de las cocochas de bacalao no es un pilpil, ya que no está emulsionado. Lo único que me gustó plenamente fue el postre."
2019/8/18,1566079200,couples,5.0,Original y esquisito,"Hemos parado en Albacete a comer como todos los años, a la vuelta de las vacaciones... nos ha parecido un sitio muy original que combina estupendamente la comida tradicional con la comida de vanguardia y además añade a su carta un espacio de comida oriental...para repetir!!! Todo estaba exquisito y el servicio impecable!!!"
2019/8/18,1566079200,friends,2.0,Platos irregulares a precios excesivos,"Cena con unos entrantes y plato principal.Los entrantes y la pluma ibérica aceptables.Los pescados un desastre,la merluza en salsa deficiente y la rodajita de bacalao a la plancha con trocitos de pimientos parecía una ración de comida de hospital, teniendo en cuenta q cada plato vale 18 euros. Lo único positivo fue la atención y el servicio de los camareros."
2019/8/12,1565560800,friends,1.0,Caro y malo,"Pedimos Merluza en salsa verde con almejas, y pusieron merluza prácticamente cruda con puré similar a engrudo, salado, con alguna gamba y ni una almeja.  Imperdonable. No volveremos"
2019/8/11,1565474400,family,1.0,Mala experiencia,"Fuimos a comer en familia. Al llegar la impresión del local era buena, pero la decepción vino después. El servicio fue lento y la comida llegó fría. Desconozco si fue por mala gestión del servicio o si fue una cadena de infortunios. La cuestión es, que salimos descontentos del lugar."
2019/8/11,1565474400,family,5.0,Comida ,Una muy buena opción en albacete. La comida como siempre muy ricaEspecial aplauso a Javier. Profesional. Cordial y educado. Una atención exquisita en estos tiempos 
2019/8/8,1565215200,friends,4.0,Con amigas el dia de nochevieja,Siempre nos tratan muy bien y la comida muy rica. Me gusta el cangrejo. Los postres tambien muy ricos.
2019/8/4,1564869600,friends,5.0,Como siempre fenomenal,Solo puedo decir que todo genial!!!los camareros en todo momento muy atentos. La comida espectacular!!! Tanto los principales como los postres que pedimos. Solo hay que ver que estaba lleno en agosto... sin duda repetiré. Eso si las croquetas con crangejo y cerdo y la pluma ibérica espectaculares. El descubrimiento de la panceta con salsa de jengibre por arriba... impresionante!!!
2019/8/3,1564783200,couples,5.0,Cena en pareja,"He estado cenando con mi pareja y todo ha sido genial: comida muy buena, y el ambiente y los camareros excelentes. Una lástima no haber tenido más apetito para poder probar los postres. Lo haremos la próxima vez. "
2019/8/1,1564610400,friends,5.0,"Local, producto, elaboración y atención de máximo nivel.","En la Avda. de España, en los bajos del hotel más actualizado de la ciudad (Los Llanos), podemos encontrar esa oferta híbrida tan difícil como acertada: terraza-bar-restaurante. Tradición y esfuerzo renovador; juventud y experiencia en el servicio...elaboración y elegancia sin artificios en las presentaciones.Un lugar de encuentro apacible donde charlar rodeados de espacios limpios y sintiendo  un trato equilibrado entre la atención más inmediata y la privacidad deseable.A destacar: la pluma de carne, el bacalao y el postre de mango.A puntualizar: si bien la carta de vinos es corta y por precio disuasoria, también es cierto que puede salvarse la situación con un Vínculo crianza 2013 tempanillo 100% de Campo de Criptana, excelente por 15€. A felicitar la profesionalidad y juventud de los camareros potenciada por la veteranía de Fidel."
2019/7/30,1564437600,friends,5.0,Comida-placer,Excelente comida e inmejorable trato por parte de todo el personal. Inmejorable  Recomendable al 100%
2019/7/29,1564351200,family,4.0,Una gran sorpresa ,Vinimos por las recomendaciones de TripAdvisor y no nos defraudó.La comida rica y con muy buen gusto .Combinación de sabores .además elServicio súper atento y el sitio es muy bonito.Se agradecen sitios así en Albacete .Volveremos pronto .
2019/7/27,1564178400,couples,5.0,Cena para dos,"Muy bueno todo. La comida fantástica, los camareros muy eficientes y atentos. Y el ambiente estupendo."
2019/7/25,1564005600,family,5.0,Excelente,"La atención de Paco fue excelente, la comida exquisita . Hemos ido varias veces , totalmente recomendado."
2019/7/23,1563832800,couples,5.0,Celebración aniversario,Un sitio tranquilo un servicio excelente a cargo de Fidel que estuvo pendiente de nosotros un menú bien presentado y exquisito. Para repetir
2019/7/22,1563746400,couples,5.0,Muuuuy bien,"Todo excelente, atención, calidad, precio, tengo claro que voy a volver, lo recomiendo al 100%, gracias"
2019/7/19,1563487200,none,5.0,En tres ocasiones y en todas espectaculares ,"Creo k esta muy acertado, trato , calidad y servicio. Es muy recomendable no podría deciros más k terminen con un sorbete de mango. Probadlo"
2019/7/19,1563487200,family,5.0,Comida de calidad y servicio inmejorable,"La comida buenísima y el servicio excelente. El sitio ameno, moderno y acogedor. No dudes en pedirte las patatas sweet chilly"
2019/7/18,1563400800,couples,3.0,“Error de ejecución”,"El lugar es acogedor, la atención muy correcta. Pedimos varias cosas de la carta y la presentación de todas ellas era absolutamente fantástica pero los sabores no se corresponden. De hecho, nos llamó mucho la atención que uno de los platos tuviera un sabor muy fuerte (como si comieras perfume), el camarero nos preguntó que nos había parecido y le dijimos que no era lo que esperábamos (habló del Tiradito de Vieiras, del que subo foto). También pedimos ceviche de corvina el cual estaba pasable...La corvina era excelente pero ¡no tenía sabor! (no estaba suficientemente macerada en la leche de tigre típica de cualquier ceviche, además, apenas estaba fría y con un exceso de cebolla roja por todos lados, demasiado). La carne fue lo mejor, súper sabrosa, en su punto y las patatas caseras. El postre era alucinante, la textura, cremosidad y sabor de diez."
2019/7/14,1563055200,family,5.0,Cena familiar,"Un buen lugar para cenar y supo go que para comer.La cocina creativa y deliciosa, podría destacar su perdiz escabechada algo que jamás había probado tan exquisito.Buen corte en jamón y un servicio rápido y de calidad.En los postres...Son de diez en adelante con un tiramisú excelente y unos suspiros que estaban de ensueño.Espero volver algún día aunque tan sólo sea por comer en ese lugar."
2019/7/13,1562968800,family,3.0,Carisimo,"Hay otras opciones mejores en los alrededores y el precio esta más acorde con lo que te ofrecen. No obstante, como el hotel no tiene bar, es casi la única opción que tienes"
2019/7/13,1562968800,friends,5.0,Cenamos de lujo,"El tataki de atún esta increíble. Sin lugar a dudas, repetiremos. El trato súper personal, nos atendió Paco y nos hizo recomendaciones muy acordes a nuestros gustos. "
2019/7/7,1562450400,family,5.0,Excelente trato del personal y muy buena cocina!,"Un lugar donde disfrutar de platos de todo tipo y muy bien elaborados. Repetimos varias veces durante nuestra estancia. El personal muy amable y profesional, en especial un chico súper atento llamado Paco. Si volvemos por Albacete volveremos seguro!"
2019/7/6,1562364000,family,5.0,Comida,"Atención muy buena y la comida mejor aún. No lo conocíamos pero una vez aquí, seguro que volveremos."
2019/7/6,1562364000,family,5.0,Muy agradable,"Al lado del parque, muy agradable de ambiente, un trato excelente y la comida muy buena, justo lo que esperas y sin duda lo recomendamos tanto en grupo como en pareja"
2019/7/5,1562277600,solo,5.0,Muy buena carne y gran atención ,Me encanto todo ese lomo de orza y el solomillo espectacular espero poder repetir pronto me encanto y prometo probar la nueva carta para poder compartirla con vosotros pero seguro k será espectacular 
2019/7/5,1562277600,family,5.0,Agradable sorpresa ,"Primera vez en este restaurante y no será la última.Excelente materia prima,buena relación calidad precio y amabilidad del personal.No se puede pedir mas "
2019/7/5,1562277600,couples,5.0,Sitio excelente,"La comida riquísima! Tenéis que probar las gyozas... espectaculares! Además, el lugar muy bonito y el personal súper agradable y muy atentos. Repetiremos seguro "
2019/7/5,1562277600,family,4.0,Cumpleaños,"Como siempre, perfecto en todos los platos. Con calidad y bien hecho. Ha sido un placer disfrutar de la comida"
2019/7/5,1562277600,business,4.0,"2º vez que la visito, ahora en comida de empresa.","La otra vez di mi opinión en la terraza del este restaurante, ahora la doy desde la perspectiva de comida de empresa dentro del restaurante en el salón para sentarse bien y con el servicio completo. La verdad que el trato excelente, y la comida tambien muy rica, espectacular la pluma con jengibre a la brasa, una cosa deliciosa. Fuimos los compañero de trabajo a la comida de fin de curso, y la verdad que por lo que valia el menú todo muy muy bien, exquisito el sabor de las cosas y bien servido, y los vinos que acompañan al menu espectaculares salvo el blanco que no era muy sabroso del todo, muy buena opción para repetir en otras ocasiones que se merezcan un sitio asi."
2019/7/3,1562104800,friends,5.0,Magnífica comida final de curso,"Estuve comiendo en el reservado con mis compañeros, para celebrar el final de curso.La comida excelente, precio del menú  adecuado a la calidad de la materia prima, y atención del camarero, muy buena, profesional, preocupado en cada momento por la comodidad de los comensales."
2019/7/2,1562018400,friends,5.0,Cena,"Cena con amigos, con un trato, y calidad precio excelente., Repetiré pronto.  Ahora en verano tiene terraza."
2019/7/2,1562018400,friends,3.0,"Mejor de tapas, que en el restaurante","En el restaurante no me gusto mucho, pues no había nada que me gustara lo suficiente para el precio que pague, sin embargo fuera se come de tapas muy bien, todo está bastante bueno, aunque no es muy barato"
2019/7/2,1562018400,solo,4.0,Como se ha ganado del antes al ahora.,"Desde luego, desde el actual Martina al anterior establecimiento, se ha ganado en modernidad, calidad y servicio.Se agradece."
2019/6/28,1561672800,business,4.0,Muy bueno,"Excelente restaurante en Albacete. Atención inmejorable, cocina y productos de calidad. Lo mejor, los platos fusión."
2019/6/26,1561500000,family,5.0,Bueno y barato,"El servicio impecable, Paco, el camarero un buen profesional, nos recomendó 4 platos para compartir : gyozas, escabeche de pez mantequilla, tataki de atún u huevos con camarones y ajo negro, ninguno defraudó, especialmente los huevos con camarones, el precio muy barato. Lo recomiendo. "
2019/6/24,1561327200,business,1.0,PARA OLVIDAR Y NO VOLVER JAMAS,"El pasado 19-6 comimos 4 personas en este sitio y la experiencia fue negativa y de total decepcion.Un aperitivo primero, con una ensaladilla vulgar y sin saber a nada y una tortillitas de camaron hechas  mucho antes ,mas bien quemadas y malas.Ya dentro,salvando el servicio,la cocina es pésima,un arroz caldoso para todos de pollo y conejo..horrible,al llevar nuez moscada,poco hecho y unas tirillas de pechuga de pollo tipo fideos (el conejo inexistente)y nada mas.La ensalada y un poco de queso es normal q se salvaron,pero además de malo casi todo resulto caro ,sin postres ni vino-si cervezas- 126 euros  .Fiasco total"
2019/6/18,1560808800,couples,2.0,Esperábamos más,"Llevábamos intentando comer en este restaurante casi desde que abrió y siempre estaba lleno. Por fin, conseguimos una mesa al día siguiente de San Valentín, y, aunque nos ofrecieron el menú de ese día, decidimos probar cosas de la carta. Lo primero que me llamó la atención, fue la poca variedad que hay en la carta del restaurante, sobre todo para un sitio con esos precios. Por eso, os recomiendo tomar algo en la zona de la cafetería en su lugar...Terminamos pidiendo:- para beber, caña y agua de litro (1,5 y 2 euros respectivamente). Con ello, nos trajeron un aperitivo, no solicitado, que pensábamos que era de cortesía, pero cuál fue nuestra sorpresa que cobraron el pan y el aperitivo a 1,5 euros por persona (quizá deberían preguntar antes porque tampoco era tan especial y habríamos pedido otra cosa en su lugar si la íbamos a pagar...).- croquetas de curry, jamón y de cerdo, a 1,5 euros cada una. Sabían más a bechamel que a otra cosa.- tortillitas de camarón, a 2,7 euros cada una, con mucha masa y poco camarón (ved  foto).- pluma ibérica, a 16,8 euros, quemada y con trozos de pimientos enteros de guarnición (decepcionante).- solomillo de ternera, a 18,5 euros, de tamaño ridículo, así como sus patatas alargadas.No pedimos postre y nos trajeron una especie de dulce de chocolate, ése sí de regalo.Aunque pedí la wifi, no os molestéis, porque no funciona y la excusa del camarero fue que a veces no iba por los clientes del hotel (¿?).Pagamos 49 euros y nos fuimos con hambre. Lo siento, pero no volveremos porque no queremos tener a un camerero encima todo el rato para que nos sirva el agua, sino comer bien por lo que se paga y acabar satisfecho..."
2019/6/14,1560463200,friends,5.0,Perfecto,"Nos alojamos en el hotel los llanos, fuimos a tomar algo cerca del hotel y nos encontramos con un sitio donde la comida y el trato personal fue extraordinario. La amabilidad de los camareros y la buena cocina nos dejó muy contentos. Era más de lo que íbamos buscando. Muy buen precio."
2019/6/9,1560031200,couples,5.0,Trato buenísimo,"De los mejores restaurantes de Albacete, la comida muy trabajada, una gran fusión de sabores y buena relación calidad-precio. Paco el camarero majísimo, una gran atención! Volveremos!"
2019/6/7,1559858400,family,4.0,Casi perfecto.,"Todo fue bien cuando visitamos este restaurante en familia. La única cosa que no me gustó nada fue el trato que me dio un camarero mayor a la hora de ir a reservar mesa y esa misma persona cuando nos atendió en la comida. El resto es todo perfecto: los camareros, el servicio, la comida, el precio,..."
2019/6/4,1559599200,friends,4.0,Comida navideña,"Buena comida, en un sitio moderno, bien atendido, platos diferentes, buen servicio aunque con mucha gente es difícil"
2019/6/3,1559512800,couples,4.0,Calidad y buen servicio. Pero lo pagas.,"La terraza esta bien pero estas justo al lado de todos los coches que pasan por avenida de españa y a mi comer con humo no me gusta, ya sea de tabaco o de coches, llamarme maniatico. La comida si que esta buena, es de calidad, te ponen poca cantidad, pero todo tiene mucho sabor y la carta es original, me encantó la tortillitas de camarones, y el postre."
2019/5/29,1559080800,family,5.0,Una grata sorpresa,"Fuimos porque nos lo recomendó una amiga, y la verdad que nos ha encantado. Todo buenísimo y nos han atendido muy bien."
2019/5/26,1558821600,family,5.0,Comida de domigo,Excelente comida. Mejor servicio Bien entorno. Me ha encantando el atún marinado y el escabeche pez mantequilla
2019/5/26,1558821600,couples,5.0,Rico Rico,Todo muy bueno. Los camareros muy atentos. Te ponen un vermut de bienvenida.Recomendaciones: tiradito de vieras y el tiramisú y el tataki de atún.La calidad-precio óptima!! Volveremos.
2019/5/26,1558821600,family,5.0,Una celebración perfecta,"Celebramos la comunión de mi hija en este restaurante y solo puedo decir que todo estupendo. La comida extraordinaria, tanto en calidad como en cantidad, y el personal muy atento y facilitando todo. Si tengo que volver a organizar un evento en Albacete no tengo dudas de que lo volveré a hacer aquí."
2019/5/18,1558130400,family,5.0,Cena de categoría ,Calidad y servicio excelente. Platos con una presentación al mismo nivel de su gran sabor. Servicio atento y muy correcto. Con ganas de volver!
2019/5/13,1557698400,family,5.0,Elegancia y trato exquisito,"Descubrí el restaurante este puente de mayo.Nada más entrar hay un ambiente más informal, con mesas altas, bien bonito. Pero si prefieres comer en mesa hay que pasar al fondo.Un ambiente diáfano de manteles blancos donde enseguida vienen a atenderte los camareros.Croquetas originales y sabrosas, rabo de toro, lomo de orza... entre algunos de los platos que tomamos. Muy muy buenos.Dejo una foto de los postres... creo que no hacen falta palabras 🤤"
2019/5/13,1557698400,couples,5.0,MARAVILLOSO,"Totalmente recomendable, en cuanto al trato personal y profesional, la calidad de la comida y el precio, es un restaurante muy completo. Imposible no repetir."
2019/5/11,1557525600,couples,5.0,Excepcional! Cocina de autor a precio low cost,"Pedimos tortillitas, el revuelto de camarón con trufa q es de lo mejor, pan bao con costilla y pan chino. Todo muy elaborado y una gran mezcla de sabores. El trato del personal de 10! Enhorabuena "
2019/5/4,1556920800,couples,4.0,Buen restaurante en pleno centro,"Fui a cenar con mi pareja y la atención impecable. Te dan recomendaciones buenas. Carta variada y cosas innovadoras y sabores de siempre. Lugar agradable, eso sí, hay que reservar porque se llena pronto . Sin duda recomendable, volveremos a ir"
2019/5/3,1556834400,friends,4.0,Buen sitio para seguir probando.,"Nos acercamos a la hora del aperitivo a tomar unas cervezas y unas tapas, y probamos algunas nuevas que estaban buenas.Quizás el precio fue algo alto, por una cerveza y tres tapas, 15 euros."
2019/4/29,1556488800,friends,5.0,Martina Albacete,La comida la atención el servicio todo espectacular .calidad y precio acorde.camareros muy amables con iniciativa para aconsejar .el lugar muy acogedor moderno y agradable .totalmente recomendable
2019/4/28,1556402400,friends,4.0,Muy Bien,"Muy acogedor, la comida es original y muy rica, diría que la relación calidad precio es la mejor de la ciudad, el trato de casi todos los camareros es realmente buena, a destacar la de Ángel. Volveré."
2019/4/28,1556402400,couples,4.0,A gusto!,Primera vez que íbamos y no será la ultima. Cenamos muy bien y los platos muy originales. La única pega que pongo es que soy alérgico al marisco y no pude comer croquetas de jamón porque las fríen en el mismo aceite que las que llevan gamba. Pero los demás plato muy buenos. La pluma ibérica en su punto y un sabor que nos gustó mucho. La carta de vinos es muy variada. Y los camareros muy amables y atentos. Los carajillos quemados 🤤
2019/4/27,1556316000,couples,5.0,Top,Trato excepcional y comida inmejorable. Para repetir una y otra vez. Calidad precio muy bueno. Tanto para comer o cenar
2019/4/27,1556316000,couples,4.0,Buena comida a buen precio,Buena cocina a un precio muy razonable. Local recién renovado y muy agradable. Las tapas sencillas pero con un toque moderno. A destacar las patatas sweet chilli y el bao de carne de cerdo. Sin duda repetiremos.
2019/4/25,1556143200,couples,5.0,Excelente,Hemos ido a cenar en un par de ocasiones. La primera vez fue reservando mesa en el comedor y he de decir que fue espectacular. Si tuviera que decantarme por un plato diría los huevos con camarones y ajo negro. Pero todo lo que pedimos nos estuvo riquísimo. La siguiente vez que estuvimos fue de tapeo en la barra y también nos encantó. Muy recomendable
2019/4/20,1555711200,friends,5.0,Martina,"Excelente trato, genial comida. Su camarero Paco Ruiz atento y educado. Buen precio y una comoda riquisima"
2019/4/20,1555711200,couples,5.0,Muy buena opción en el centro de la ciudad,"Excelente comida, atención y  trato excelente, solemos ir a menudo y nunca nos decepciona, el único consejo que darles es que continúen asi."
2019/4/19,1555624800,couples,5.0,Cena en pareja,"Buenisimo servicio y excelente carta. Tambien nos encantó la música! Es un sitio ideal para ir en familia o con tu pareja, tienes platos de diseño junto con clásicos..."
2019/4/19,1555624800,friends,5.0,Siempre es un placer degustar sus platos,"Siempre exquisito y buen servicio.Es un placer degustar sus platos. Salón muy acogedor, máxima atención en todos los sentidos."
2019/4/12,1555020000,friends,5.0,Disfrutando de los productos típicos con un toque moderno ,"Buena calidad, productos típicos de primera elaborados magistralmente y con una presentación que la hace más apetecible."
2019/4/1,1554069600,couples,3.0,No es para tanto,"Reservamos en el salon de dentro, yo creo que esta valorado porque es la novedad pero francamente caro para lo que ponen nos pedimos pluma,tataki, algo al centro y postre"
2019/3/31,1553986800,family,5.0,"Perfecto, como siempre.","Comida excelente, muy buen trato del personal y además... han pagado mis suegros! Se puede pedir mas? Pues sí, con la cuenta unos miguelitos de La Roda."
2019/3/31,1553986800,family,5.0,Comida espectacular,"Muy bien atendidos, comida más que buenísima, las tortitas de camarones son un espectáculo, para comerte 10, sólo un pero, el ceviche de corvina es caro, poca cantidad y sabía muy fuerte. Volveremos segurísimo y varias veces, el Ceviche no vamos a repetir, pero deseando volver para comer de nuevo las tortitas y las gyochas, además de probar el resto de la carta, muy recomendable.Ambiente muy acogedor."
2019/3/30,1553900400,friends,4.0,Comida de mucha categoría,"Fuimos 4 amigos a comer, pidiendo los entrantes más afamados (croquetas y tortillitas de camarón, deliciosas). Nos recomendaron el ceviche y estaba muy bueno, pero sobre todo la pluma ibérica fue sensacional. El rodaballo también espectacular. Los postres de otro mundo. Un acierto total. La única pega el dinero, no es para todos los bolsillos. "
2019/3/29,1553814000,friends,5.0,pagar La mitad y disfrutar doble,Estupendo servicio en mesa con acertada recomendacionBrasa acertará con variedad en cara de vinos Excelente calidad precio
2019/3/23,1553295600,business,4.0,Experiencia muy agradable,Estuve dos días en Albacete por trabajo y vine a este restaurante por casualidad. Relación calidad precio alto y atención muy buena por el camarero Javier. La pasta rellena de boletus espectacular. Al día siguiente también volví! Para que arriesgarme?
2019/3/23,1553295600,couples,5.0,Volveré,Todo lo que pedimos estaba muy bueno. 100% recomendable. Muy conseguidas las tortillitas de camarones. Los camareros muy atentos y muy rápidos en servir. Volveremos seguro.
2019/3/21,1553122800,couples,4.0,Bueno ,"En general todo muy elaborado y moderno, todo, los huevos con panceta ibérica riquísimos y sobre todo el coulant de chocolate blanco. "
2019/3/19,1552950000,couples,5.0,Para repetir siempre,"He estado viniendo desde que abrieron y siempre es un acierto, en pareja, amigos, familia... buenísimo, original y una atención de 10! "
2019/3/14,1552518000,none,4.0,Sitio de moda,De moda en Albacete. Buena relación calidad - precio. Casi obligatorio reserva previa. Buen servicio 
2019/3/13,1552431600,friends,5.0,Comida de despedida y de ánimos para la nueva etapa  ,"Buen ambiente, el trato de los camareros excelente y comida exquisita. Repetiremos seguro. Sin duda alguna muy recomendado."
2019/2/27,1551222000,solo,4.0,Sorprendente,"El local es acogedor, tal vez el altavoz de la música quedaba muy cerca de mi mesa y la música resultaba demasiado altaEl servicio rápido y muy eficienteLa comida me sorprendió: unas croquetas de gambas con curry muy originales y sabrosas, Croquetas de jamón muy pero que muy cremosas. Las croquetas de Cerdo menos conseguidas, la bechamel mucho más espesa si comparamos con las otras.La alcachofa en confit con gamba, deliciosa. Deberían avisar que la gamba que viene rebozada y no se ve el interior, viene pelado el cuerpo, pero con cabeza y cola sin limpiar. Todo muy rico aunque algunos aspectos como la música o la gamba, mejorable"
2019/2/23,1550876400,couples,4.0,Excelente,"Todo riquísimo, la ensaladilla, las croquetas, las tortillas de camarones.... comimos en la barra porque había mucha gente e íbamos   de paso. La alcachofa confitada... para repetir (de hecho la repetimos). El servicio atento, rápido y muy muy amable. Sin duda un lugar para repetir. Si tengo que poner una pega.... mi croqueta estaba un pelin salada.....Y una cosa más.... los baños súper limpios."
2019/2/21,1550703600,solo,3.0,Si se cuida el pan queda perfwcto,"He vuelto a desayunar esta mañana, y aunque no ofrecen un completo como tal, tengo que admitir que el café con leche estaba muy bueno, y con un volumen mas que aceptable. El aceite de la tostada excelente! Lástima que el pan fuera blanco, insípido, sin cuerpo. Una pena que en esta ciudad no se cuiden los panes del desayuno, encontrar panes de pueblo, integrales, con semillas, seria fantástico!. Eso si, el precio muy conveniente."
2019/2/17,1550358000,family,4.0,Nos encanto!!!,"Bueniiiiiisimo el rodaballo a la brasa!!...carnes tb bien ricas, buen ambiente. Sin duda para repetir."
2019/2/12,1549926000,business,2.0,No salimos contentos pero si salimos con hambre,"Pues sinceramente era el restaurante justo al lado del hotel... Hemos pedido el tataki, cordero y el pollo.El atun estaba bastante hecho pero estaba bien... el cordero era casquería ( error nuestro por no preguntar ) y luego al quedarnos con hambre pedimos el pollo frito y dejamos mas de la mitad porque era solo grasa.Dudo que vuelva"
2019/2/10,1549753200,family,5.0,Comida en familia,"La comida es muy buena y el servicio fantástico, lo mejor de todo los postres, sin duda alguna volveremos"
2019/2/3,1549148400,friends,3.0,Vamos a probar,"La comida era aceptable. La carne muy cara para la calidad de carne que ofrecen y estaba más hecha de lo solicitado. Tataky escaso. El local es bonito y recién arreglado. Es de reciente apertura pero no ha superado al que estaba previamente en el mismo sitioLa wifi, tras esperar mucho tiempo a que nos trajeran la contraseña, no funcionaba"
2019/2/2,1549062000,couples,5.0,Excelente!!,"La comida riquísima, el postre de pastel de calabaza buenísimo. El trato de los camareros inmejorable!! Totalmente recomendable!"
2019/2/1,1548975600,family,4.0,Comida excepcional,"Destacar el trato y amabilidad del camarero, sus recomendaciones fantasticas. La comida muy buena, relacion calidad precio buena. Sin duda si volvemos a Albacete repetiremos la experiencia."
2019/1/31,1548889200,family,5.0,Sorprendente!,"Buen servicio, el camarero muy agradable y muy atento. Comida riquísimo. Hemos estado muy muy agusto. ¡Repetiremos seguro!"
2019/1/31,1548889200,business,5.0,"Rapidez y amabilidad, acompañado de comida moderna","Un restaurante minimalista pero con gusto, bien organizado y la amabilidad y predisposición de empleados se agradece."
2019/1/20,1547938800,friends,5.0,Cumpleaños 10!,"La amabilidad del personal es de destacar, además del trato recibido a la hora de facilitarnos las cosas para darle una sorpresa a nuestra amiga. Los platos originales, bien presentados y buenísimos. Recomendado tanto para una cena informal pero original y diferente como para una ocasión especial en el salón. Espero volver pronto! 😊"
2019/1/16,1547593200,friends,5.0,Comida navideña ,"Excelente!!, menús variados para todos los gustos con comida de autor!, muy buena y un trato bastante bueno y educado!, recomendable 100%!, y de precio muy bien!, repetiré "
2019/1/15,1547506800,friends,4.0,BUENA CARNE,"Estuve en una cena con un menú cerrado de 40 € que estuvo muy bien. De entrantes tomamos una ensalada de foie y cecina, lomo de orza, gyozas de cerdo y tataki de atún rojo. Y el segundo a elegir, entre paletilla, solomillo, rodaballo o merluza. Elegí la paletilla de cordero lechal, y he de decir que fue espectacular. El sabor y la preparación perfectas. No lo pongo la puntuación máxima debido a que después de dejar una cuenta bastante alta, tuvimos que pagar dos botellas de sidra (el gaitero), a un precio desorbitado a mi entender. Por lo demás, muy recomendable. Sin duda volveré."
2019/1/8,1546902000,couples,5.0,Un restaurante con encanto,"Es un restaurante con diferentes estilos de cocina del mundo, con una calidad escepcional y un precio muy racionadle. Muy recomendable"
2019/1/6,1546729200,none,5.0,Recomendable 100%,"Excelente lugar, acogedor y platos elaborados y exquisitos, muy recomendable pese a que abrió sus puertas hace muy poco tiempo. Trato buenísimo ."
2018/12/27,1545865200,friends,4.0,DESCUBRIMIENTO.,"No conocía este restaurante.Local moderno y agradable. Tras unas cañas en la C/. Tejares, una amiga ha propuesto ir a ver si teníamos suerte y cogíamos una  mesa libre (malas fechas las Navidades para no tener reserva). El comedor estaba  completo, pero  nos han acomodado en el bar; mesa corrida y sillas altas. Comida muy agradable. Muy rica la ensalada de cecina y foie. Excelente la pluma ibérica. Hemos tomado una botella de Finca Antigua (D.O. Mancha), coupage  muy equilibrado, servido un poco frío para mi gusto. Muy buena relación calidad-precio y servicio agradable, con el detalle de cambiar platos y cubiertos al pasar a las carnes."
2018/12/27,1545865200,friends,5.0,cena,"un sitio muy elegante y bonito, con platos delicios y buen servicio. esta en un sitio muy comodo, esta cerca de la zona de copas."
2018/12/27,1545865200,family,5.0,Delicioso,"De los mejores sitios de Albacete para comer, cenar... muy acogedor y ambiente ideal.Siempre que puedo voy, ya que salgo encantada. Trato genial y comida exquisita. "
2018/12/26,1545778800,friends,4.0,Buenos platos. Excelente atención. Reciben gustosamente recomendaciones sobre alergias,"Como nueva en el mundo de las alergias, he de decir que en un sitio donde te recomienden platos que puedes comer tranquilamente esta genial, y sobre todo que no se lo tomen a mal. Buena atención, los camareros muy atentos. La comida Muy rica.  Recomendado el pez espada, la pluma ibérica, las alcachofas, y el solomillo.  Precio moderado (25x cabeza). Hay que reservar en sala.  Tienen terraza el verano. "
2018/12/25,1545692400,solo,5.0,Buen desayuno ,Había ido para cenar y quería volver. He ido varios días para desayunar y lo recomiendo. Precios bastante más económicos que en muchos bares y cafeterías de alrededor. El local muy acogedor y la relación calidad precio muy buena. 2€ por un café con leche y tostada me parece justo y económico. 
2018/12/19,1545174000,couples,5.0,Placer absoluto,"Cuidado hasta el más mínimo detalle, desde la atención recibida, hasta el último plato, destacar la amabilidad de todo el personal y el trato recibido. Mi plato favorito es el tataki de atún! Sin duda, calidad-precio-trato, el mejor restaurante de Albacete."
2018/12/12,1544569200,none,4.0,Comida  familiar,"Buen servicio,   el  camarero muy  agradable, nos dejamos aconsejar en algunos  entrantes y en  el plato principal y acertó completamente , la calidad-precio  es muy  buena. Aconsejo la utilización  del salón privado. "
2018/12/11,1544482800,friends,4.0,REPETIREMOS SIN DUDA!!!,"Nos gusto nada mas entrar. La atención recibida por el personal ha sido excelente, el restaurante es muy bonito y acogedor. Todo estaba delicioso.  La combinación perfecta para pasar un rato agradable... sin duda  con  ganas de volver. La Relación Calidad /Precio es muy buena."
2018/12/11,1544482800,solo,4.0,Muy correcto,"En la zona de bar, con sus magníficas vistas al parque, que es un espectáculo de verdor, muy correcto servicio, un tapeo de calidad y posibilidad de una carta de restaurante. Muy bien, mejorando."
2018/12/11,1544482800,family,5.0,Me sorprendio,"Me sorprendió su cocina mezcla de tradicional y moderna,muy buena carta de vinos,servicio muy bueno.Presntacion de los platos excelente."
2018/12/9,1544310000,friends,4.0,Bien,"Sin llegar a ser espectacular la comida esta rica y buena en general a un precio mas o menos aceptable. Mezcla de varias cocinas. Influencias asiáticas, latinas, etc... Servicio y trato tambien bueno y amable. Repetiría? Quizás."
2018/12/8,1544223600,none,4.0,Música muy añta,"Excelente atención por parte del personal de Martina, las croquetas TOP pero gran defecto por la música demasiado alta... una música de fondo es agradable pero tan alta dificulta verdaderamente el venir con alguien a charlar. "
2018/12/8,1544223600,family,5.0,fantastico,Fantástico emplatado y genial el servicio.Pues estaba todo riquísimo.El servicio era rápido. El local estaba muy limpio.
2018/12/8,1544223600,family,5.0,Sobresaliente,"Comida excelente y servicio inmejorable. Las brochetas de pollo teriyaki buenísimas, los postres igual de buenos. Y  el servicio impecable, hemos quedado encantados."
2018/12/8,1544223600,friends,3.0,Comida amigas,"Los camareros encantadores, pero un poco caro. Y lo q nos sorprendió es q te cobran hasta el chupito q te ofrecen."
2018/12/7,1544137200,friends,4.0,Platos originales,"Hemos ido a cenar y la verdad es que muy completo y con buena calidad. Recomendacion especial con el pez espada, muy muy bueno y fresco. El camarero aconseja ademas bastante bien. Al final unos 35 euros por persona con postre y bebida. Volveremos"
2018/12/6,1544050800,couples,5.0,Para repetir,"El trato es insuperable y la comida igual. Todo muy bueno. Recomendable el foie y la pluma. Hemos ido en pareja y antes de pedir nada ellos mismos nos han recomendado medias raciones porque iba a ser suficiente, y han acertado."
2018/12/3,1543791600,family,5.0,****,"Mejor restaurante de Albacete, comida y camareros inmejorables. Repetiremos sin dudarlo y recomendado 100%"
2018/12/1,1543618800,friends,5.0,Excelente,"Un restaurante de 10 , la comida , el situó , el ambiente , el trato , vamos que entramos a las 14 y salimos a las 19 y sin ganas de irnos."
2018/11/30,1543532400,friends,5.0,ME ENCANTA,"Una comida de 10. Comimos varios entrantes y terminamos con un solomillo con mantequilla de anchoa que estaba sencillamente espectacular. El ambiente es algo especial, nada que ver con otros restaurantes de Albacete. Música, luz...nada deja indiferente. Después de un postre genial de pastel de calabaza estuvimos tomando unas copas y disfrutando del local. "
2018/11/29,1543446000,couples,5.0,Muy recomendable,"Me sorprendió muy gratamente, las alcachofas confitadas con crema de queso y langostino en tempura expectaculares el postre Suspiro de Aina muy muy bueno, en realidad todo lo que pedimos estaba buenísimo, cuando volvamos por Albacete no lo dudarémos y volverémos, muy recomendable"
2018/11/28,1543359600,solo,5.0,Servivio fundamental para el gran Hotel los Llanos y una delicia!,"Buena vista ( parque de Abelardo Sánchez), buen servicio, ambiente muy agradable, amplias horas de apertura..., merece la pena. Amables con niños y familias. "
2018/11/23,1542927600,friends,5.0,Un rato muy agradable,"Es la cuarta vez que vengo a este restaurante, que cada vez tiene más fama, y con razón. La comida es muy buena, novedosa en su presentacion y con buena batería prima. También me gusta el aire cosmopolita que ofrece: nada que envidiar a las ofertas de restauración de las grandes ciudades"
2018/11/22,1542841200,friends,5.0,MUY RECOMENDADO,Tienen una carta innovadora y muy buena. Con platos de cocina típica manchega y japoneses que fusionan perfectamente. Volveré a ir sin duda.
2018/11/17,1542409200,friends,4.0,Sitio chic en pleno centro,"Buen trato, buen ambiente y buena comida. La carta duferente, mezclando tapas tradicionales con la comida moderna. El sitio nos gustó mucho. La relación calidad precio está muy bien."
2018/11/12,1541977200,friends,3.0,Agradable cena,"Cena de amig@s en este renovado restaurante ( cambio de nombre incluido ) que dispone de una carta variada con opciones para todos los gustos.Local muy agradable, luminoso y accesible, decorado de manera informal y moderna. Carta de vinos variada y precios algo elevados ( teniendo en cuenta que muchas raciones son muy pequeñas ).La cocina, nada del otro mundo, aunque, por lo menos, se busca innovar un poco en el campo de las tapas  de siempre y evolucionar hacia sabores y texturas de muy lejos.Merece la pena ir temprano y coger sitio. Ambiente familiar ( y a menudo, ruidoso...).Para seguir descubriendo...."
2018/11/7,1541545200,friends,5.0,Calidad excepcional,"He estado varias veces en este restaurante, La cocina es de gran calidad.Esta última vez hemos comido: Un exquisito pez espada con cítricos, Bocatín de pastrami, el camarero nos recomendó el plato del mes que estaba muy rico, tambien tomamos gyozas de cerdo, pluma Ibérica con espectacular sabor y de postre compartimos tiramisú y pastel de calabazacon helado de fruta de la pasión ambos sublime.Gran atención en el servicio.Muy recomendable"
2018/11/4,1541286000,couples,5.0,De lo mejorcito de Albacete,"Hemos estado un par de veces en este establecimiento, que está todavía practicamente comenzando  su rodaje en Albacete, y visto lo visto y teniendo en cuenta su trayectoria con el restaurante Molina de La Roda, estoy convencido que en muy poco tiempo estará entre los grandes de la capital. Reúne todos los ingredientes para ser un Top-ten: personal cualificado y suficiente, calidad y presentación superior del producto, relación calidad-precio excelente y por si eso fuera poco, ubicación en una zona muy interesante de Albacete. Un 10 para todo el equipo de Martina."
2018/11/2,1541113200,friends,5.0,Perfecto,"Hemos estado comiendo y además de destacar la calidad de los platos, destaco la amabilidad del personal, cosa que marca diferencia con otros establecimientos similares.Probamos las croquetas de langostinos y curry (buenísimas), un wok de verduras, huevos estrellados con camarones, ajo negro y aceite de trufa, y pan chino relleno de black beer. Todo muy bueno.Rematamos con un coulant de chocolate blanco y un bizcocho de calabaza con peta zetas muy ricos.Repetiremos más pronto que tarde. "
2018/11/1,1541026800,couples,5.0,ÚNICOS,"Inceible la decoración, buen espacio aprovechado. El servicio desde que entras sabes que te van a tratar bien, uniformados y bien peparados. Os recomiendo la pluma, que es lo que comimos y estos postres que están de muerte. Enhorabuena. Calidad y servicio, el foie esta de lujo, quiza poco para lo que se paga, pero está de lo poco que he probado, nada de musse. Es un negocio del que puede presumir este propietario o propietaria. Volveremos y lo recomendaremos. FELICIDADES."
2018/10/28,1540677600,friends,5.0,Originalidad y buen comer con lo de siempre,"Este sitio nuevo ennAlbacete tiene una cocina muy original con los productos de siempre y con conceptos novedosos.Cuidadosos con el producto de primera calidad, servicio excelente cuidando al comensal.Espacio agradable y con buena música.Diferentes cartas en bar y comedor Absolutamente recomendable"
2018/10/26,1540504800,none,4.0,"Fresco, reciente , potente ","Que gusto da cuando un local se refresca . Empezando por la decoración , modernos , fresco iluminación ambiental .... sin fin de palabras .Música , moderna sin machacarte .Personal , joven pero sobradamente preparado .Comidas, calidad de inicio , muy buena presentación, variedad justa para no complicarte la vida “de todo un poco “ pero sin aburrir.Recomendable la tapa del concurso con forma de puro( es como un rollizo de primavera).En general las anchoas , la merluza de pincho y presa serían mis recomendaciones ."
2018/10/26,1540504800,family,4.0,Excepcional tapa,Hemos estado en la ruta de la tapa y la tapa buenísima y muy elaborada el vino muy bueno y muy atentos con el servicio. Me ha gustado para repetir
2018/10/22,1540159200,friends,5.0,Encantado!!,"Me encanta que nuestra ciudad abra restaurantes de calidad. En este concretamente han cuidado hasta el ultimo detalle en la decoracion, personal, cocina... Todo lo que comimos exquisito. 100% recomendable!! Si no baja la calidad y la exigencia auguro un restaurante Top 5 de la ciudad. "
2018/10/20,1539986400,family,4.0,Conociendo el nuevo sitio,"Local recientemente abierto. Fuimos a conocerlo gracias a las jornadas de la tapa, que se trata de la de la imagen. Una tapa muy elaborada y muy rica. Para mí, si no es de las ganadoras del año, se queda cerca.En cuanto al resto de cosas, el local es preciso, los camareros muy atentos y la carta muy variada. Suelen cuidar mucho la presentación"
2018/10/20,1539986400,none,5.0,Excepcional!!,"Viernes cena de pareja, Hicimos la reserva sin problema, al llegar los camareros estaban perfectamente vestidos y aunque el lugar estaba lleno, mantuvieron siempre una sonrisa y en todo momento nos sentimos bien atendidos, nos describieron bien los platos y fueron muy prudentes y acertados con sus recomendaciones.El tiempo de espera fue justo, la presentación extraordinaria y la calidad inmejorable.Por último el precio justo y acorde a la atención y calidad del producto. "
2018/10/13,1539381600,family,4.0,Todo muy bueno,"Ver renovada la antigua Taberna es muy agradable. El sitio chulo, el ambiente también y la comida muy buena y abundante. Camareros que saben de lo que va y aunque estaba lleno por la jornada de la tapa , en el restaurante genial. Precio normal y encantadores"
2018/10/12,1539295200,couples,4.0,Muy bueno,"Me ha parecido un sitio muy tranquilo, la comida excelente, ideal para parejas y grupos. Los postres de 10.Os dejo dos de los platos que nos hemos comido."
2018/10/1,1538344800,couples,4.0,Innovador ,"Situado cerca del centro y al lado del pulmón de la ciudad (parque Abelardo Sánchez), es un sitio en el que encontrarás una carta con platos exquisitos y un trato muy especial y cercano! Quedamos encantados, pero si es verdad que si buscas un sitio bueno y barato, este no es. Aún así, recomendable 100%"
2018/9/30,1538258400,couples,5.0,Cena,"Un restaurante de los que merece la pena visitar. Buen trato, sitio muy bonito y sobre todo la comida espectacular. Por destacar algo diría que los huevos trufados con ajo negro son excepcionales. El foie (aunque un poco escaso) también es un plato a destacar. "
2018/9/26,1537912800,friends,4.0,Tapeo en Albacete,"Carta variada y muy buena. Como punto negativo, la música ambiente en la zona de tapas estaba excesivamente alta y a pesar de solicitar que la bajaran, no lo hicieron. Lo que impedía una conversación sin tener que elevar la voz. No obstante, es un lugar para recomendar."
2018/9/21,1537480800,couples,5.0,Sitio altamente recomendable,"Fuimos a este restaurante porque lo teníamos cerca de casa y siempre tenía gente en la terraza...Era una cena de aniversario y reservé una mesa para 2. El comedor muy coqueto y acogedor. La comida fue muy buena tanto en calidad como en precio.Pedimos 2 bebidas cada uno, para compartir  3 croquetas de jamón y 1 de curry, alcachofas con queso manchego y tempura de langostinos, pluma ibérica al jengibre con verduras y de postre suspiros de Ayna... Todo ello fue 50€. Tuvieron el detalle de traernos unos hojaldres de chocolate de parte de la casa. La comida deliciosa, muy buena y muy bien presentada. El servicio de camareros excelente, muy atentos y serviciales.!!!Volveremos a repetir seguro!!!"
2018/9/20,1537394400,family,5.0,Todo riquísimo ,"Ya hemos estado varias veces. Las tortillas de camarón están riquísimas, el lomo de le da es el mejor que he probado nunca.  Las croquetas de jamón para chuparse los dedos.  Pero Hoy el camarero vis ha recomendado la pluma ibérica y estaba espectacular  así co.o los postres que hemos degustando nos han recomendado el tiramisú.  El trato es excepcional por parte de todos los camareros. Seguiremos yendo a seguír probando la carta."
2018/9/16,1537048800,friends,5.0,Comida espectacular a buen precio,"Restaurante en Albacete que merece una visita.trato impecable.su menú que incluye lomo de orza con salsa de pimientos, tortita de camarones, ensalada hawaiana, pluma con costra de pimienta...espectacular.Todo muy bueno.30€"
2018/9/16,1537048800,friends,5.0,Feria y mas,"Ir a la feria con amigos siempre es un placer y celebrarlo en Martina un acierto ... El servicio encantador y los platos excelentes... Su jamón, los huevos rotos, las tortillas de camarones, ese lomo de orza hecho a 60 grados 3 horas, la pluma de cerdo, ... Y el postre, rico, rico ... Martina ... un descubrimiento. Hasta el año q viene!"
2018/9/7,1536271200,family,4.0,Genial,"Gran acierto. Tras una intensa reforma de la antigua Taberna (así se llamaba este restaurante, que está ubicado en los bajos del Hotel Los Llanos), el local está completamente renovado, en todos los aspectos. Decoración bonita, moderna y acogedora, personal muy atento, carta variada y de gran calidad, precio acorde, ¡hasta el hilo musical nos encantó!. Tiene terraza, mesas altas en la zona de barra, comedor en el interior y reservado para un grupo pequeño (sólo hacen reservas en estos dos últimos). Desde luego, una excelente elección. "
2018/9/1,1535752800,friends,4.0,ESPECIAL,"Cenamos un menú concertado y puedo decir que todo estuvo magnífico, desde el servicio hasta los postres, de un buena calidad y excelente hechura. Merece la pena acercarse a degustar sus platos"
2018/8/31,1535666400,couples,5.0,Menudo descubrimiento!,"Para mí ya es un sitio de referencia en Albacete. Estuvimos en la terraza, pedimos unas croquetas de curry con langostinos que estaban increíbles, la pluma ibérica espectacular. Calidad-precio muy bueno. Muy muy recomendable.. Repetiré seguro!"
2018/8/31,1535666400,couples,5.0,ES-PEC-TA-CU-LAR,"Una carta diferente a lo que nos tienen acostumbrados en Albacete, un servicio excelente con camareros profesionales, y por supuesto un lugar ideal en plena Avenida España con vistas a nuestro parque Abelardo Sanchez. Cocina de calidad y un 10 relacion calidad-precio."
2018/8/30,1535580000,friends,5.0,Todo muy bueno. Recomendable!!,"Estuve comiendo hace unos días en el gastrobar y me pareció un sitio estupendo, con muy buena ubicación y un gran servicio. Además tienen pan para celiacos y cerveza sin gluten. Muy recomendable "
2018/8/30,1535580000,none,5.0,De diez! ,"Estuve comiendo el sábado, y todo fenomenal. El servicio encantador y la comida fabulosa. Buena relación calidad ( q creo q es fantástica) y precio. Espero volver pronto"
2018/8/29,1535493600,friends,5.0,Para repetir una y otra vez!,"Es la segunda vez q repetimos, la comida espectacular, el traronpor parte del personal exquisito, las recomendaciones de Paco todo un acierto, calidad/precio muy buena...ya tenemos fecha para volver de nuevo!!"
2018/8/28,1535407200,family,5.0,Excelente!!,"Fuimos a tomar unas tapas y la verdad estaba todo riquísimo, la atención de los camareros excelente,volveremos!!!!"
2018/8/25,1535148000,couples,4.0,"Buen Sitio, calidad!!","Un restaurante con una cocina muy lograda, calidad y un precio relativamente accesible. Las crocetas de Jamón buenísimas."
2018/8/21,1534802400,couples,5.0,ME ENCANTA,"Me declaro fan de este local. Lo he visitado más de diez veces desde que abrió (mayo?) y siempre me voy contenta y quedo bien!3 ambientes distintos y posibilidades infinitas en bar y terraza !La decoración genial, el servicio muy agradable y la carta un 10!Seguiré !!"
2018/8/19,1534629600,couples,5.0,Fantástico ,"La verdad es que nos ha sorprendido de la mejor manera, después de críticas y positivas de amigos y conocidos.Hemos pedido:-Patatas sweet chilli- buenísimas, no pican.-Croquetas de langostino-curry. Bechamel fantástica buena ejecución.-Pez espada con escabeche de cítricos. Simplemente genial.-Solomillo de ternera. En su punto, ternera de calidad.En fin todo esto, para dos personas, 40 euros.Calidad-precio Insuperable."
2018/8/18,1534543200,friends,5.0,Marcará una época en Albacete,"No deja de sorprendernos. Esta vez estuvimos en la terraza cenando, estaba llena como casi siempre pero en 5 minutos nos pudieron hacer un hueco. Los camareros súper atentos y simpáticos. Pedimos pan bao, croquetas de langostinos-curry, huevos con panceta y unos bocatines. Todo espectacular. Y los postres como siempre de 10. Lo mejor el precio, salimos a 25€. "
2018/8/17,1534456800,couples,2.0,Ni fu ni fa,"Fuimos a cenar por segunda vez, volvimos a repetir las croquetas de langostino y curry puesto que nos encantaron, pero esta vez nos las sirvieron un poco congeladas. Esta segunda vez cenamos dentro del restaurante (en vez de en la terraza) y a pesar de que el local está genial pensamos que la acústica era demasiado alta, era tanto el bullicio que teníamos que hablar a voces."
2018/8/15,1534284000,family,3.0,Debe mejorar,"Es  la segunda visita. Muy amplio y cómodo. El servicio es correcto, pero tiene más voluntad que preparación para el nivel que se supone. Hay que pedir cubiertos o copas, pique consideran que no son necesarios en según qué casos. Comida muy buena. Innovadora, tiques asiáticos. Muy buena carne. El rodaballo a la brasa, pedido poco hecho, fue rodaballo casi recocido y hecho de más. El rataki, muy bueno. Y los postres. La carta de vinos un poco desastre y nadie sabía responder si una referencia era crianza o media. Y botellas fuera de temperatura. Para 48 por comensal hay que mejorar esos aspectos. Se come bien, pero..."
2018/8/13,1534111200,couples,3.0,Mala experiencia,"Comimos en el salón de arriba muy acogedor y agradable, atención excelente , los platos tardado  casi 20 minutos y entre plato y plato lo mismo y es muy grave ya que había dos mesas más. Lo que quiere decir que cuando se llene no quiero ni imaginarme el servicio.Calidad precio caroAl llegar nos pucieron en el centro de la mesa un platito que no pedimos, como para picar en lo que esperabamos y al final en la cuenta venía cobrado al igual que la canasta de pan que no utilizamos."
2018/8/8,1533679200,family,4.0,Desilusión de mis expectativas ,Fuimos a cenar mi hija y yo tras ver muy buenos comentarios. Al llegar al salón de arriba se ve agradable y bonito. No me gustó que ya en la mesa estuviera el pan: 4 rodajitas resecas por el que nos cobraron 3.30 euros. Excesivo no? Luego de 3 ensaladas en carta la que pedimos no la tenían. Tampoco te servían las raciones que si ponen en el bar.Lo demás bien. El tiramisu lo pedí con helado de turrón y tampoco.La verdad iré la próxima vez al bar (que había más gente y ruido ) y según esté no se si volveré.  Por esos precios hay mejores sitios en Albacete 
2018/8/7,1533592800,family,4.0,Para probar. ,Lugar muy agradable y muy bien atendido. Carta variada. Exquisito tataki de atún. Muy rico el bocatín de pastrami.Buen precio. 
2018/8/6,1533506400,couples,3.0,"Comida sobresaliente, precio notable, servicio aprobado ...","La comida estaba deliciosa y aunque me pareció un poco caro, lo merecía(10% servicio terraza).Reservamos mesa para dos llamando un par de horas antes y solo reservan en sala. Al llegar había sitio en la terraza y nos apetecía más quedarnos ahí,así que se lo comentamos al camarero y nos llamo la atención, indicando que habían hecho previsiones de existencias y camareros y que fuera la última vez ( insisto llamamos a las 19:00 para reservar a las 21:00). Nos sentamos en la terraza y volvió con la misma “monserga” a la mesa hasta el punto que casi nos levantamos y nos vamos. Decidimos no darle más importancia y el resto de la velada fue correcta, aunque siento que no la disfrute del todo por ese tema. Para la próxima seguro que mejor."
2018/8/6,1533506400,family,4.0,Buena Comida ,La atención de los camareros muy buena.   Muy atentos.   La comida de 9.   Si tengo q mencionar la tardanza.  
2018/8/4,1533333600,family,5.0,Cena en familia de 10,"Una cena exquisita, con unos platos presentados con una categoría de Rtes. de recomendación. Tengo q añadir q nuestro camarero Álvaro un 10 en atención,  servicio,  educación y rapidez sirviendo platos, y a la guapa y atenta Lorena otro 10 por asesorarnos en la información q le solicitamos. Y Ya de colofón final preguntamos por el jefe de platos q pedimos esa noche cenando, y ""Mr. Javi"", así se llama el crack de la exquisita cena q pudimos degustar: increíble, buenísimo todo,sublime, no sabría de todo cuál recomendar : la pluma ibérica,  y los huevos de corral, de postre no os vayáis sin probar, helado turron con tiramisú. Acertareis de pleno.Enhorabuena a los tres, muy grandeSssssss. Ahhh i el xupito q nos invitaistes, todo un detalle."
2018/8/4,1533333600,none,4.0,Una apuesta interesante,"Moderno local que cuenta con dos zonas: una tapería, más informal, que da al exterior; y un restaurante, más elegante, situado en el interior. Se puede reservar en el segundo, pero no en el primero. Buena parte del año cuenta con una agradable terraza en la calle. El establecimiento se localiza en los bajos del Hotel Los Llanos (4 estrellas), pero no solo recibe a sus huéspedes, sino que está abierto al público en general. La decoración es elegante y la pulcritud llama la atención positivamente. El servicio es muy atento y profesional. Al tratarse de un local de moda, atrae a clientes variopintos: parejas jóvenes, grupos de amigos, familias con hijos, etc. No tiene todavía, por tanto, un ambiente social definido. Predomina, eso sí, el comensal de nivel económico medio-alto, aunque los precios no son desorbitados. La carta resulta equilibrada, pues se combinan las propuestas más tradicionales (cocina manchega, vista desde una perspectiva renovadora) con los platos vanguardistas. Gustará a quienes busquen opciones de calidad en el limitado abanico gastronómico de Albacete."
2018/8/1,1533074400,friends,5.0,Servicio inmejorable,"Local agradable y atención magnífica. La comida de muy buena calidad resaltando la trilogía de Cordero, la pluma y los postres.  Volveremos sin duda. "
2018/7/31,1532988000,family,5.0,Innovador y acertado,"Ubicación céntrica. Ambiente agradable y tranquilo en el establecimiento, con una decoración modernista y funcional. Excelente profesionalidad y trato por parte del personal. Almorzamos en mesa en la zona de la barra. En cuanto a la comida, elaborada, muy buena calidad, bien presentada y grandes sabores y contrastes. Pedimos croquetas de jamón y de curry-langostino, alcachofa con crema de queso, cangrejos en tempura, rabo de toro en salsa con patatas y sorbete de mango. Recomendable. Volveremos."
2018/7/28,1532728800,family,4.0,"Cena para cuatro, genial!","Calidad precio fantástico, muy buena atención. Nos han guardado la reserva aun llegando 20 minutos tarde. Una atención sin peros. Los platos riquísimos y cantidad adecuada. Un trato exquisito insisto. Volveremos! "
2018/7/27,1532642400,couples,4.0,Atención y calidad buena. Espero regresar.,"El servicio, atento y puntual. El comedor, elegante. Las viandas, sin tacha. El precio, un poco elevado, pero la calidad, se paga. Y, por poner una pega, en esta época del año, más vale pasarse un poco con el aire acondicionado, que quedarse corto."
2018/7/22,1532210400,couples,5.0,Novedoso y asequible,"Se suma a mi lista de restaurantes imprescindibles en Albacete. Primera visita y con ganas de volver pronto. Esta muy bien de precio, se adapta a lo que ofrecen, incluso con el 10% de recargo en la terraza.Repetiremos seguro."
2018/7/18,1531864800,couples,4.0,Ganas de volver,Ha sido una casualidad la entrada y ahora me alegro de haber pasado por allí. Trato genial y todo muy rico y bien hecho. Tienen una carta muy variada y no sabes que pedir porque te lo comerías todo. Deseando volver. Enhorabuena 
2018/7/16,1531692000,business,4.0,Atención muy buena y cocina de calidad,"Es la tercera vez que acudo y como siempre no defrauda, la zona de la cafetería tiene una decoración muy atractiva , con todos los detalles necesarios para disfrutar de unas tapas , riquísimas, probamos las croquetas de sobrasada, la de jamón y la de curry y langostinos, esta última es la que más nos gustó, recomendable,después nos pusieron cuatro gyozas de carne de cerdo muy ricas presentadas en su vaporera y por último un pan bao de costilla , riquísimo y buen tamaño, tras todo ello la camarera nos sugirió probar el tiramisú casero con helado , para la próxima visita lo probaremos, y reiteró buena atención y agradable, el chico de la barra , creo que se llama Fidel , también muy atento y servicial"
2018/7/14,1531519200,friends,5.0,Muy bueno,"Segunda vez, todo buenisimo, el tataki de atún muy rico y los postres estupendos. Repetiremos más veces"
2018/7/9,1531087200,couples,3.0,Desigual,"Lleva muy poco tiempo. Es la nueva marca del restaurante del hotel Los Llanos, abierto a los que no están hospedados. La ubicación es magnífica. Está completamente renovado. Por ahí, estupendo. La cocina es irregular. Moderna, vanguardista, de mestizaje...pero no todo es Cerrado. Bien servido. Y un poco caro. Habrá que ver la evolución."
2018/7/9,1531087200,family,5.0,Fiesta para el paladar,"El pasado día 07/07/2018 me aventuré a cenar en este restaurante. Uno de los motivos de iniciar dicha aventura consistía principalmente en ver la nueva imagen que daban a la clientela, pues ya conocía el local anterior (La Taberna).Quedé gratamente sorprendido, no sólo por el ambiente abierto, modernista y vanguardista, sino por la amabilidad del servicio.La cocina utiliza una carta que oscila entre productos tradicionales y vanguardistas, para lo que es Albacete, habiendo introducido connotaciones asiáticas que le dan un toque de color y sabor especiales, rompiendo con la rutina de la típica oferta hostelera de la ciudad.El tataky o las gyozas, entre otros, te trasladan al país del sol naciente, con su presentación y sabor peculiar.Los cangrejos en tempura, te hacen soñar con nuestra querida Galicia, en una mezcla con la tierra andaluza.La pluma ibérica, con su potente sabor a brasa, te arrastra hacia esa cabaña montañesa con su hoguera crepitante y chisporroteante.En cuanto a la carta de vinos, puedo decir que es extensa, con unos precios generalizados en el mundo de la hostelería.Especial atención, además de su cocina ya citada, merece el servicio, destacando la profesionalidad y amabilidad con la que te atienden.El precio por comensal suele rondar los 30 euros, una cantidad no excesiva, que atiende a la frescura del producto servido.Conclusión: Es un lugar que no puedes dejar de visitar. Muy, muy recomendable."
2018/7/9,1531087200,none,5.0,Una nota culinaria interesante para Albacete,"Fecha de la visita: 07-07-2018Tipo de comida: Cena.Nada más entrar en en local observas cómo le han dado un giro de 180º al local (La antigua Taberna). Han conseguido establecer un ambiente más modernista, abierto y moderno.La atención del servicio es exquisita y muy amable.La carta es una mezcla entre la cocina tradicional y vanguardista, y su carta de vinos es muy extensa.La pluma ibérica recomendada por el camarero resultó espectacular.Las gyozas se quedan un poco cortas, si sois más de 2. Pero están muy ricas.En cuanto al precio, creo que está ajustado a la calidad del producto.Para hacerse una idea, más o menos la comida/cena te viene saliendo por 30€ por comensal.Enhorabuena al personal que responde y trabaja en el local, y espero que sigan con la misma dedicación, amabilidad y amor a la cocina como demuestran en los platos que sirven a los clientes."
2018/7/6,1530828000,friends,5.0,"Un nuevo concepto de hostelería, que puede convertirse en una visita indispendable en Albacete","Mezcla de sabores y cocinas, con varias buenas propuestas: ambiente urbano en la cafetería y un restaurante con infinitas posibilidades. No tengo duda que la próxima vez al terminar la cena me volverá apetecer tomarme una buena copa."
2018/7/1,1530396000,couples,5.0,Lo mejor para tapear,"Estuvimos en una mesa de dentro, el interior es muy agradable, elegante y con buena música. Comimos d tapeo: muy bueno el atún marinado y las Giozas. El servicio muy atento. Algo caro pero justificado por la calidad"
2018/6/29,1530223200,family,3.0,Lugar privilegiado y con potencial,"Es la segunda vez que acudimos al restaurante. La primera en el salón para comer y la segunda en la taberna para cenar. A favor: - La atención del personal es buena.- Precios aceptables para la situación del local. - Variedad y calidad de algunos de sus platos: gyozas, alcachofas,... En contra:- La acústica es pésima en la taperia (y el problema no es la música como comenta el director de relaciones en una opinión) No ocurre en el salón interior que si está acondicionado. Si bien es cierto que en la taperia se puede admitir más ruido, no debe ser tan intenso. Es recomendable que tomen medidas. - Frituras algo aceitosas. - Carnes y pescados algo pasados en la brasa. En definitiva, un local con potencial ante la ausencia de oferta similar en la zona y su proximidad al hotel los Llanos. "
2018/6/29,1530223200,couples,5.0,Un restaurante de 10!,"He estado ha cenar en este restaurante y la verdad muy sorprendida. Me parece una idea fantastica la combinación de cocina tradicional con toques asiáticos, italianos, chinos... Hemos pedido unas croquetas de jamón (hacía tiempo que no comía unas tan buenas!!), las tortillitas de camarón, un bocadillito de pastrami y el pan bao. No puedo poner pega porque todo estaba exquisito! Además el servicio muy eficaz y atento a pesar de estar hasta la bandera. Y el precio muy asequible. Un 10!! Me alegra mucho ver sitios nuevos tan interesantes en Albacete! A seguir así"
2018/6/23,1529704800,solo,5.0,Genial ,"Lugar inmejorable en la Avda. España, frente al parque de Abelardo Sánchez. Una carta novedosa y de precio “sensato”Personal formado y correcto.Producto muy bueno. Recomendable "
2018/6/20,1529445600,family,4.0,Excesivo 10% cobro en terraza,"Empiezo mi opinión con el excesivo cobro de casi 5€ por el servicio en terraza. En mi opinión estamos en Albacete, y es algo que no se acostumbra, y por muy céntrico que esté el restaurante no veo conveniente cobrar el 10% del servicio en terraza, puesto que la comida fue excelente y el trato inmejorable, las vistas al parque Abelardo.... El boca boca que acostumbramos en nuestra ciudad al ser pequeña, se tienen en cuenta este tipo de detalles, aunque el bar esté situado debajo del hotel Los Llanos y pueda ser frecuentado por turistas. "
2018/6/18,1529272800,family,4.0,Buena decoración en excelente sitio. Buen servicio.,"En esta ocasión sólo hemos utilizado la terraza para un rapido desayuno, donde el servicio ha sido correcto. El precio algo más alto, incluyendo el servicio de terraza.El local de la cafetería- bar es agradable y luminoso y el salón comedor queda en un nivel algo superior, donde también se ve que ha quedado decorado de una forma agradable, teniendo una separación, a traves de de una reja de madera baja, donde se puede utilizar de una forma, entiendo, más reservada.Los servicios están limpios."
2018/6/6,1528236000,friends,5.0,Un placer al paladar,"He estado en un par de ocasiones, una en el bar y la otra en el restaurante. En las dos, aunque bien distintas, fue de 10. Comida de gran calidad y con una muy buena presentación. El servicio y el trato fueron inmejorables. Por destacar algunas cosas, la alcachofa y la pluma espectaculares y los cangrejos en tempura fueron una muy grata sorpresa. Sin duda, volveré."
2018/6/2,1527890400,friends,2.0,Defraudada ya el primer dia,tenía muchas ganas de ir porque me habían hablado muy bien de la cocina de este restaurante.  la primera decepción fue la fritura de pescado cara escasa y congelada ni un Boquerón ni un salmonete solamente trozos de calamar de bacalao que obviamente eran congelados. El segundo plato huevos camperos con patatas y bacon de ibérico los huevos estaban crudos cosa que me sorprendió teniendo en cuenta las exigencias a la hora de hacer una tortilla de patatas también caros.  y por último la acústica pésima era imposible cenar tranquilos.  creo que las ganas de visitar un bar restaurante en ese lugar las tiene mucha gente porque me encontré a varios amigos que iban esa noche por primera vez así es que le recomiendo que mejoren las deficiencias porque están en un lugar privilegiado
2018/6/1,1527804000,none,5.0,DÍA CASTILLA LA MANCHA,"Visite este local coincidiendo con el día CLM.Cenamos en el bar, que tiene un ambiente diferente a lo habitual, ya que practicamente todo son mesas altas, hay música un pelín alta y la iluminación cambia constatemente. Nos gusto la propuesta de la carta ya que en el bar hay opciones de todo tipo y precios. Cenamos tapas: tortillitas de camarón, atún marinado, ensaladilla y unas tapas de rabo de toro. El postre de chocolate muy top!! Camareros agradablesy atentos"
2018/5/28,1527458400,couples,5.0,AIRE FRESCO,"Restaurante más que bueno en el corazón de Albacete. Un ambiente muy cálido y familiar en la parte de arriba, los camareros jóvenes, pero cercanos y profesionales. Tomamos las recomendaciones: alcachofas con langostino, un cangrejo en tempura, jamón ibérico (del q se pega) y para terminar un GLORIOSO entrecot de vaca vieja a la BRASA. SUBLIME. No es barato pero merece la pena."
2018/5/28,1527458400,friends,5.0,CENA FIN DE TEMPORADA,"Fuimos todos los componentes del Fundacion Albacete Femenino, para celebrar el fin de temporada y tanto el servicio como la calidad de la materia prima excelente, platos bien presentados en tiempo y forma y muy bien preparados, agradecerles toda la atencion prestada"
2018/5/25,1527199200,couples,5.0,De 10,"El local tiene dos ambientes separados y los dos son, por sus características, muy buenos. La zona de barra muy cercana, cálida, muy de calle y actual. El salón es acogedor, elegante y más tranquilo. Las dos son perfectas dependiendo de la situación. El personal de sala muy atento y profesional. La comida espectacular. Los gyozas de cerdo muy suaves; el tataki de atún, de los mejores que he probado. Al centro pedimos un rape, exquisito y sabroso. El tiramisu muy ligero. En general me gusto bastante. Cumplió con mis expectativas. Muy bien por estos nuevos negocios que apuestan y ganan. Lo recomiendo. Yo volveré pronto. "
2018/5/18,1526594400,couples,5.0,Rompedor,"He visitado este local por recomendaciones de conocidosMe llamó mucho la atención la zona del bar, que estaba totalmente iluminada con colores y la música alta (diferente)En cuanto a la propuesta gastronómica es una cocina clásica de  mercado con toques orientales !Muy originalEl servicio gente joven y correcta!Pendiente visitar el restaurante que tenía muy buena pinta!!Volveré "
2018/5/14,1526248800,friends,5.0,INMEJORABLE!!,"Tanto el bar como el restaurante espectaculares. Hemos comido varias veces y la calidad es inmejorable, la atención de 10 y un ambiente muy bueno. Los cangrejos en tempura buenísimos, los pan bao y tacos buenos entrantes. Las carnes tanto la paletilla como la pluma riquísimas. VOLVEREMOS!!"
2018/5/14,1526248800,friends,5.0,Muy buena comida y ambiente.,"Muy buen servicio, el local es acogedor y la comida sabrosa. Buena relación calidad precio. Excelente eleccion para ir en familia o con amigos. Gracias por todo!"
2018/5/14,1526248800,family,5.0,"Buen pescado, mejor carne","Soy de Cádiz y me resulta raro comer pescado fuera de mi tierra pero alli me arriesgué ya que lo vi muy fresco y efectivamente no me equivoqué, estaba muy bueno.Sobre las carnes que decir, el producto es bueno y las elaboraciones muy interesantes y novedosas.Un sitio con una relación calidad precio muy buena y un servicio eficiente y muy simpático, la próxima vez que pase por Albacete volveré."
2018/5/4,1525384800,business,4.0,Pescado en Albacete???,"Mucha variedad, hecho con mucho gusto, los platos presentados con cariño, pedi un emperador que estaba espectacular, con una presentación muy buena y de gran calidad. Los desayunos también merecen la pena, y las Personas que están dando el servicio ,impecables en su trabajo. Merece la pena.  "
2018/4/29,1524952800,friends,5.0,Perfecto,Estuve con unas amigas y nos encantó. El local está decorado con mucho gusto y la comida riquísima. La pluma ibérica estaba de 10 y ademas el trato fue estupendo. Repetiremos seguro.
2018/4/22,1524348000,friends,5.0,Muy recomendable,"Fuimos a comer un sábado al Restaurante. Tanto la calidad cómo el servicio muy bueno. Me encantó el atún, un sabor delicioso. "
2018/4/22,1524348000,couples,5.0,Excelente,"Cenamos muy bien, la cocina estupenda, el servicio atento, y la decoración moderna. Todo muy bien a precio razonable"
2018/4/22,1524348000,couples,1.0,Tostadas quemadas,Fuimos a desayunar unas tostadas de jamón a la plancha y estaban algo quemadas y sabían mucho a quemado. Aparte de tardar más de 20 minutos en traernoslas estando la cafetería a medio llenar. Le pedimos que nos la cambie y nos trae otra igual de quemada. Nada recomendable.
2018/4/21,1524261600,friends,5.0,Buena calidad,"La calidad de la comida perfecta, menú cerrado de despedida muy correcto acabas lleno la única pega que tardan bastante entre plato y plato, la decoración moderna pero los platos son contundentes."
2018/4/20,1524175200,none,5.0,Buenísimo ,"Fui a cenar con unos amigos, la decoración del local, muy cuidada, y la comida realmente buena, comida muy actual, con mucho sabor y muy buen servicio. Repetiremos seguro."
2018/4/19,1524088800,family,5.0,Genial,"Lo primero que llama la atención es la decoración del local. La presentación de los platos está muy cuidada y el sabor es excelente. A destacar, el pez espada con quinoa y la pluma ibérica. ¡Todo genial!"
2018/4/19,1524088800,friends,5.0,Cena ,"Fui a cenar con 3 amigos porque habíamos visto que el restaurante estaba recién inaugurado y la verdad que nos sorprendió mucho tanto la decoración del local como la calidad de la comida. Destacaría la pluma al jengibre con setas salteadas, hecha a la brasa. Estaba buenísima!"
2018/4/19,1524088800,couples,5.0,Excelente!!,"La comida muy buena y con una presentación excepcional! El servicio, impecable y los camareros, muy atentos y amables; nos hicieron unas grandes recomendaciones! Nos quedamos con ganas de probar mil platos. Volveremos pronto!!"
